Single/Multiphase,synthesis method,grain size ($\mu$m),ROM Density (g/cm$^3$),HV,Type of test,Test temperature ($^\circ$C),YS (MPa),UTS (MPa),Elongation (%),Elongation plastic (%),ROM Young modulus (GPa),Exp. Young modulus (GPa),Exp. Density (g/cm$^3$),BCC/FCC/other,Processing method,Calculated Density (g/cm$^3$),Calculated Young modulus (GPa),Young modulus_new (GPa)
S,AC,,7.9,138,C,25,158,,,,196,,,FCC,CAST,7.9,192,196
M,AC,,7.4,212,C,25,346,,,,187,,,other,CAST,7.4,,187
M,AC,,7,385,C,25,794,,,,179,,,other,CAST,7,,179
S,AC,,6.6,456,C,25,964,,,,173,,,BCC,CAST,6.6,162,173
S,AC,,8.5,125,C,25,204,,,,207,,,FCC,CAST,8.5,207,207
S,AC,,8.5,125,C,25,209,,,,207,,,FCC,CAST,8.5,207,207
S,AC,,7.7,149,C,25,196,,,,194,,,FCC,CAST,7.7,186,194
M,AC,,7.1,287,C,25,476,,,,,,,other,CAST,7.1,,
M,AC,,6.6,570,C,25,1301,,,,,,,other,CAST,6.6,,
S,CR,24,8.2,,T,25,274,708,39,,225,,,FCC,WROUGHT,8.2,226,225
S,CR,36,8.1,,T,25,282,694,44,,222,,,FCC,WROUGHT,8.1,222,222
S,CR,41,8.3,,T,25,300,860,60,,229,,,FCC,WROUGHT,8.3,231,229
S,CR,48,8.2,,T,25,170,550,41,,205,,,FCC,WROUGHT,8.2,204,205
S,CR,28,8.5,,T,25,211,513,31,,207,,,FCC,WROUGHT,8.5,207,207
S,CR,32,8.4,,T,25,231,653,38,,202,,,FCC,WROUGHT,8.4,202,202
S,CR,30,8.1,,T,25,221,602,36,,203,,,FCC,WROUGHT,8.1,203,203
M,AC,175,8.2,,T,25,318,622,19,,,,,other,CAST,8.2,,
M,AC,175,8.2,,T,25,322,744,23,,,,,other,CAST,8.2,,
M,AC,175,8.2,,T,25,403,807,9,,,,,other,CAST,8.2,,
M,AC,175,8.2,,T,25,479,879,4,,,,,other,CAST,8.2,,
M,AC,175,8.2,,T,25,638,1004,1,,,,,other,CAST,8.2,,
S,AC,175,8.2,,T,25,148,413,48,,225,,,FCC,CAST,8.2,226,225
S,A,,7.7,110,,25,,,,,216,,,FCC,ANNEAL,7.7,213,216
S,A,,7.7,113,,25,,,,,216,,,FCC,ANNEAL,7.7,213,216
S,A,,7.5,131,,25,,,,,211,,,FCC,ANNEAL,7.5,207,211
S,A,,7.5,196,,25,,,,,211,,,FCC,ANNEAL,7.5,207,211
M,A,,7.3,159,,25,,,,,208,,,other,ANNEAL,7.3,,208
M,A,,7.3,209,,25,,,,,208,,,other,ANNEAL,7.3,,208
M,A,,7,388,,25,,,,,200,,,other,ANNEAL,7,,200
M,A,,7,280,,25,,,,,200,,,other,ANNEAL,7,,200
S,A,,6.9,538,,25,,,,,197,,,BCC,ANNEAL,6.9,188,197
M,A,,6.9,361,,25,,,,,197,,,other,ANNEAL,6.9,,197
S,A,,6.5,487,,25,,,,,188,,,BCC,ANNEAL,6.5,177,188
S,A,,6.5,499,,25,,,,,188,,,BCC,ANNEAL,6.5,177,188
S,A,,6.2,484,,25,,,,,183,,,BCC,ANNEAL,6.2,171,183
S,A,,6.2,517,,25,,,,,183,,,BCC,ANNEAL,6.2,171,183
S,A,,5.9,509,,25,,,,,173,,,BCC,ANNEAL,5.9,160,173
S,A,,5.9,512,,25,,,,,173,,,BCC,ANNEAL,5.9,160,173
S,A,,6.7,484,,25,,,,,194,,,BCC,ANNEAL,6.7,184,194
M,A,,6.7,433,,25,,,,,194,,,other,ANNEAL,6.7,,194
S,A,,8.2,116,,25,,,,,225,,,FCC,ANNEAL,8.2,226,225
S,A,,8.2,113,,25,,,,,225,,,FCC,ANNEAL,8.2,226,225
M,AC,,7.7,425,,25,,,,,,,,other,CAST,7.7,,
M,AC,,6.6,655,,25,,,,,,,,other,CAST,6.6,,
S,AC,,6.3,605,,25,,,,,185,,,other,CAST,6.3,,185
M,AC,,7.1,715,,25,,,,,,,,other,CAST,7.1,,
M,AC,,8.5,210,,25,,,,,,,,other,CAST,8.5,,
M,AC,,6.6,,C,25,,1600,,10,,107,,other,CAST,6.6,,107
S,AC,,5.9,,C,25,,2110,,10,,133,,other,CAST,5.9,,133
S,AC,,5.6,643,C,25,,1030,,5,,94,,other,CAST,5.6,,94
M,AC,0.15,6.2,,C,25,,2280,,6,,148,,other,CAST,6.2,,148
S,AC,,7.2,,C,25,,2020,,9,,135,,FCC,CAST,7.2,195,135
M,A,,7.2,717,,25,,,,,,,,other,ANNEAL,7.2,,
S,A,,7.6,487,,25,,,,,206,,,FCC,ANNEAL,7.6,201,206
M,A,,7.4,654,,25,,,,,,,,other,ANNEAL,7.4,,
S,A,,7.8,509,,25,,,,,211,,,other,ANNEAL,7.8,,211
M,SPS,,6.8,624,C,25,2033,2635,8,,,,,other,POWDER,6.8,,
M,,,6.9,,,25,,,,,197,,,other,,6.9,,197
S,AC,,6.2,402,,25,,,,,183,,,BCC,CAST,6.2,171,183
S,AC,,5.6,487,,25,,,,,165,,,BCC,CAST,5.6,152,165
S,AC,,5.9,432,,25,,,,,173,,,BCC,CAST,5.9,160,173
S,AC,,5.3,506,,25,,,,,158,,,BCC,CAST,5.3,145,158
S,AC,,6.7,395,,25,,,,,194,,,BCC,CAST,6.7,184,194
M,AC,,6.8,342,,25,,,,,178,,,other,CAST,6.8,,178
S,AC,,8.3,286,,25,,,,,206,,,FCC,CAST,8.3,206,206
M,AC,,8.1,296,,25,,,,,204,,,other,CAST,8.1,,204
S,AC,,8.7,263,,25,,,,,230,,,FCC,CAST,8.7,236,230
S,AC,,6.7,,C,25,1251,2004,,33,194,,,BCC,CAST,6.7,184,194
M,AC,,6.7,,C,25,957,2550,,11,,213,,other,CAST,6.7,,213
M,AC,,6.8,,C,25,906,2386,,9,,151,,other,CAST,6.6,,151
M,AC,,6.8,,C,25,867,2178,,8,,137,,other,CAST,6.5,,137
M,AC,,6.8,,C,25,1056,2375,,7,,156,,other,CAST,6.5,,156
M,AC,,6.8,,C,25,1060,2250,,6,,181,,other,CAST,6.4,,181
M,AC,,7,,C,25,1255,2083,,6,,73,,other,CAST,5.9,,73
M,AC,,6.9,,C,25,1251,2166,,7,,75,,other,CAST,6.2,,75
S,AC,,6.7,,C,25,1138,,,11,125,,,BCC,CAST,6.7,184,125
S,AC,,6.8,,C,25,1804,2280,,9,196,,,BCC,CAST,6.8,188,196
M,AC,,6.9,,C,25,2456,2953,,3,,,,other,CAST,6.9,,
M,AC,,7,,C,25,2649,3208,,3,,,,other,CAST,7,,
M,AC,,7,,C,25,2670,3161,,3,,,,other,CAST,7,,
M,AC,,7.1,,C,25,2757,3036,,3,,,,other,CAST,7.1,,
S,AC,,6.7,,C,25,1051,,,,194,,,BCC,CAST,6.7,184,194
S,AC,,6.8,569,C,25,1641,3285,,17,192,,,BCC,CAST,6.8,182,192
M,AC,,6.8,668,C,25,1959,3008,,11,,,,other,CAST,6.8,,
M,AC,,7,747,C,25,2473,3170,,4,,,,other,CAST,7,,
M,AC,,7,,,25,,,,,,,,other,CAST,7,,
S,AC,,6.7,520,C,25,1373,3531,,25,194,,,BCC,CAST,6.7,184,194
M,AC,,7.3,270,,25,,,,,187,,,other,CAST,7.3,,187
M,AC,,7,801,,25,,,,,,,,other,CAST,7,,
M,AC,,7.2,741,,25,,,,,,,,other,CAST,7.2,,
M,AC,200,7.3,586,,25,,,,,,,,other,CAST,7.3,,
M,AC,,7.1,796,,25,,,,,,,,other,CAST,7.1,,
M,AC,,7,755,,25,,,,,,,,other,CAST,7.1,,
M,AC,,7.1,754,,25,,,,,,,,other,CAST,7.1,,
M,AC,,7.2,635,,25,,,,,,,,other,CAST,7.2,,
M,AC,,7.2,639,,25,,,,,,,,other,CAST,7.2,,
M,AC,,6.8,857,,25,,,,,,,,other,CAST,6.8,,
M,AC,,7.1,730,,25,,,,,,,,other,CAST,7.1,,
M,AC,,7,708,,25,,,,,,,,other,CAST,7,,
M,AC,,7.2,586,,25,,,,,,,,other,CAST,7.2,,
M,AC,,7.4,395,,25,,,,,,,,other,CAST,7.3,,
S,AC,,5.7,,C,25,1110,,,,169,,,BCC,CAST,6.7,184,169
M,AC,,5.7,,C,25,2411,2950,,1,,,,other,CAST,5.7,,
S,AC,,6.5,,C,25,1265,2173,,14,188,,,BCC,CAST,6.5,176,188
S,AC,,6.2,,C,25,1481,2444,,13,183,,,BCC,CAST,6.2,169,183
S,AC,,6,,C,25,1834,2195,,3,178,,,BCC,CAST,6,162,178
M,AC,,5.8,,C,25,2179,2664,,2,,,,other,CAST,5.8,,
S,AC,,7.4,,,25,,,,,198,,,FCC,CAST,7.4,192,198
S,AC,,7.5,,C,25,750,1970,,39,,103,,FCC,CAST,7.5,189,103
M,AC,,7.1,,C,25,1580,2389,,17,,161,,other,CAST,7.1,,161
M,AC,,6.8,,C,25,1900,2697,,12,,164,,other,CAST,6.8,,164
S,AC,,7.8,,C,25,700,1650,,29,,93,,FCC,CAST,7.8,194,194
M,AC,,6.2,,C,25,1860,2580,10.7,9,,90,,other,CAST,6.2,,90
M,AC,,6.4,178,C,25,2260,3140,24.4,23,,178,,other,CAST,6.4,,178
M,AC,,6.1,,C,25,2220,2720,6.6,5,,160,,other,CAST,6.1,,160
,AC,,6.3,780,,25,,,,,,,,other,CAST,6.3,,
S,AC,,6.2,790,,25,,,,,143,,,BCC,CAST,6.2,129,143
S,AC,,5.9,800,,25,,,,,132,,,BCC,CAST,5.9,119,132
,AC,,7.1,680,,25,,,,,168,,,other,CAST,7.1,,168
,AC,,7.3,850,,25,,,,,193,,,other,CAST,7.3,,193
,AC,,7.1,630,,25,,,,,,,,other,CAST,7.1,,
,AC,,7.3,790,,25,,,,,,,,other,CAST,7.3,,
,AC,,6.8,590,,25,,,,,142,,,other,CAST,6.8,,142
M,AC,,7.1,740,,25,,,,,,,,other,CAST,7.1,,
S,AC,,7.9,180,,25,,,,,216,,,FCC,CAST,7.9,216,216
S,AC,,7.7,171,T,25,220,,56,,214,,,FCC,CAST,7.7,212,214
S,AC,,7.5,182,T,25,244,,45,,209,,,FCC,CAST,7.5,205,209
M,AC,,7.4,183,T,25,285,,35,,208,,,other,CAST,7.4,,208
M,AC,,7.4,220,T,25,331,,29,,206,,,other,CAST,7.4,,206
M,AC,,7.3,278,T,25,526,,16,,204,,,other,CAST,7.3,,204
M,AC,,7.2,405,T,25,833,,5,,203,,,other,CAST,7.2,,203
M,AC,,7.2,486,,25,,,,,202,,,other,CAST,7.2,,202
M,AC,,7.1,530,,25,,,,,200,,,other,CAST,7.1,,200
M,AC,,7,539,,25,,,,,199,,,other,CAST,7,,199
M,AC,,7,533,,25,,,,,197,,,other,CAST,7,,197
M,AC,,6.9,535,,25,,,,,196,,,other,CAST,6.9,,196
S,AC,,6.6,539,,25,,,,,190,,,BCC,CAST,6.6,180,190
S,AC,,8,176,T,25,208,,62,,219,,,FCC,CAST,8,220,219
S,AC,300,8,144,C,25,,,,,,,,FCC,CAST,8,220,
S,A,350,8,135,C,25,230,,,75,219,,,FCC,ANNEAL,8,220,219
S,AC,120,7.9,151,C,25,,,,,,,,FCC,CAST,7.9,215,
S,A,130,7.9,144,C,25,200,,,75,215,,,other,ANNEAL,7.9,,215
S,AC,220,7.8,186,C,25,,,,,,,,FCC,CAST,7.8,210,
S,A,250,7.8,275,C,25,620,,,75,211,,,FCC,ANNEAL,7.8,210,211
M,A,500,7.7,380,C,25,740,1325,,7.8,,,,other,ANNEAL,7.7,,
M,AC,500,7.7,342,C,25,,,,,,,,other,CAST,7.7,,
M,A,12,7.7,636,C,25,1660,1845,,0.5,,,,other,ANNEAL,7.7,,
M,AC,,7.7,650,C,25,,,,,,,,other,CAST,7.7,,
M,AC,,7.2,297,,25,,,,,213,,,other,CAST,7.2,,213
S,AC,,7,396,,25,,,,,206,,,BCC,CAST,7,201,206
M,AC,,6.3,472,C,25,1406,2927,,29,190,,,other,CAST,6.3,,190
M,AC,,7.2,905,,25,,,,,,,,other,CAST,7.2,,
M,AC,,6.5,549,C,25,1487,3222,,29,197,,,other,CAST,6.5,,197
M,AC,,6.8,622,C,25,1749,2644,,13,205,,,other,CAST,6.8,,205
M,AC,,7,854,C,25,1513,1513,,0,,,,other,CAST,7,,
S,,,7.7,180,,25,,,,,194,,,FCC,,7.7,194,194
S,,,7.4,207,,25,,,,,187,,,FCC,,7.4,187,187
M,,,7,271,,25,,,,,177,,,other,,7,,177
M,,,6.5,476,,25,,,,,165,,,other,,6.5,,165
M,,,6.3,510,,25,,,,,167,,,other,,6.3,,167
M,,,6,557,,25,,,,,155,,,other,,6.1,,155
M,,,5.9,567,,25,,,,,152,,,other,,5.9,,152
M,,,5.7,603,,25,,,,,147,,,other,,5.7,,147
M,,,5.6,624,,25,,,,,144,,,other,,5.6,,144
S,,,5.5,657,,25,,,,,140,,,BCC,,5.5,139,140
S,,,5.4,644,,25,,,,,138,,,BCC,,5.4,136,138
M,,,6.8,407,,25,,,,,172,,,other,,6.8,,172
S,,,8.2,134,,25,,,,,206,,,FCC,,8.2,208,206
S,AC,,8.3,172,,25,,,,,214,,,FCC,CAST,8.3,215,214
S,AC,,7.4,,C,25,1272,1272,2,0,77,,,FCC,CAST,7.4,185,185
S,AC,,7.8,,C,25,700,1650,22,21.6,99,,,FCC,CAST,7.8,194,194
M,AC,,7.6,,C,25,1042,1848,3,2.11,128,,,other,CAST,7.6,,128
,AC,,7.7,415,,25,,,,,,,,other,CAST,7.5,,
,AC,,7.7,505,,25,,,,,,,,other,CAST,7.3,,
,AC,,7.8,736,,25,,,,,,,,other,CAST,7.1,,
,AC,,7.6,300,,25,,,,,193,,,other,CAST,7.6,,193
S,AC,,7.6,225,,25,,,,,193,,,FCC,CAST,7.6,189,193
M,AC,,7,636,,25,,,,,,,,other,CAST,7,,
S,AC,,7.5,272,,25,,,,,191,,,FCC,CAST,7.5,185,191
S,AC,,7.3,321,,25,,,,,188,,,FCC,CAST,7.3,182,188
M,AC,,7.2,458,,25,,,,,186,,,other,CAST,7.2,,186
M,AC,,7.1,590,,25,,,,,184,,,other,CAST,7.1,,184
M,AC,,6.9,646,,25,,,,,,,,other,CAST,6.9,,
M,AC,,6.8,664,,25,,,,,,,,other,CAST,6.8,,
M,AC,,6.7,657,,25,,,,,,,,other,CAST,6.7,,
M,AC,,6.6,667,,25,,,,,,,,other,CAST,6.6,,
M,AC,,6.5,696,,25,,,,,,,,other,CAST,6.5,,
S,AC,,7.6,215,,25,,,,,193,,,FCC,CAST,7.6,189,193
S,AC,,7.6,204,,25,,,,,191,,,FCC,CAST,7.6,186,191
M,AC,,7.5,231,,25,,,,,189,,,other,CAST,7.5,,189
M,AC,,7.5,328,,25,,,,,,,,other,CAST,7.5,,
M,AC,,7.4,447,,25,,,,,,,,other,CAST,7.4,,
M,AC,,7.4,639,,25,,,,,,,,other,CAST,7.4,,
S,AC,,7.3,579,,25,,,,,182,,,BCC,CAST,7.3,177,182
S,AC,,7.3,577,,25,,,,,180,,,BCC,CAST,7.3,175,180
S,AC,,7.2,594,,25,,,,,179,,,BCC,CAST,7.2,174,179
S,AC,,7.2,597,,25,,,,,177,,,BCC,CAST,7.2,172,177
S,AC,,7.2,587,,25,,,,,176,,,BCC,CAST,7.2,171,176
M,AC,,7.1,472,,25,,,,,184,,,other,CAST,7.1,,184
M,AC,,7.4,578,,25,,,,,,,,other,CAST,7,,
M,AC,,7,536,,25,,,,,164,,,other,CAST,7,,164
M,AC,,5.9,682,,25,,,,,145,,,other,CAST,5.9,,145
M,AC,,6.5,626,,25,,,,,156,,,other,CAST,6.5,,156
M,AC,,6.9,472,,25,,,,,,,,other,CAST,6.9,,
M,AC,,7.1,,C,25,1005,,15,,,,,other,CAST,7.1,,
M,AC,,7.1,,C,25,1303,,24,,183,,,other,CAST,7.1,,183
M,AC,,6.6,,C,25,1234,,9,,174,,,other,CAST,6.6,,174
M,AC,,6.9,,C,25,1469,,16,,175,,,other,CAST,6.9,,175
S,,,6.4,,C,25,,1495,,8,,36,,BCC,,6.4,157,157
M,AC,,5.8,,C,25,,1192,,4,,37,,other,CAST,5.8,,
M,AC,,6.1,,C,25,,1025,,3,,36,,other,CAST,6.1,,
M,AC,,5.9,,C,25,,1325,,5,,38,,other,CAST,5.9,,
S,AC,,8.6,,T,25,,480,,15,188,,,FCC,CAST,8.6,187,188
S,AC,,8.6,,T,25,,548,,17,187,,,FCC,CAST,8.6,185,187
M,AC,,8.6,,T,25,,594,,18,,,,other,CAST,8.6,,
M,AC,,8.6,,T,25,,615,,20,,,,other,CAST,8.6,,
M,AC,,8.6,,T,25,,632,,19,,,,other,CAST,8.6,,
M,AC,,8.6,,T,25,,602,,5,,,,other,CAST,8.6,,
M,AC,,8.5,,T,25,,261,,2,,,,other,CAST,8.5,,
M,AC,,8.3,,,25,,,,,,,,other,CAST,8.3,,
S,AC,,8.4,208,T,25,,478,,14,190,,,FCC,CAST,8.4,189,190
S,AC,,8.4,192,T,25,,465,,18,,,,FCC,CAST,8.4,187,
M,AC,,8.4,205,T,25,,475,,12,,,,other,CAST,8.4,,
M,AC,,8.3,219,T,25,,425,,7,,,,other,CAST,8.3,,
M,AC,,8.3,253,T,25,,470,,6,,,,other,CAST,8.3,,
M,AC,,8.3,319,T,25,,368,,2,,,,other,CAST,8.3,,
M,A,,6.8,495,,25,,,,,178,,,other,ANNEAL,6.8,,178
M,A,,6.6,496,,25,,,,,176,,,other,ANNEAL,6.6,,176
M,A,,6.7,486,,25,,,,,177,,,other,ANNEAL,6.7,,177
M,A,,6.8,407,,25,,,,,179,,,other,ANNEAL,6.8,,179
M,A,,6.9,367,,25,,,,,180,,,other,ANNEAL,6.9,,180
S,,,8.3,286,C,25,230,888,51,,56,,,FCC,,8.3,206,56
S,,,8,,,25,,,,,199,,,FCC,,8,197,199
S,,,7.8,,,25,,,,,194,,,FCC,,7.8,190,194
S,,,7.5,,,25,,,,,190,,,FCC,,7.5,185,190
S,,,7.3,,,25,,,,,186,,,FCC,,7.3,179,186
M,,,6.9,,,25,,,,,178,,,other,,6.9,,178
M,,,7.1,,,25,,,,,182,,,other,,7.1,,182
M,A,,6.3,,C,25,,1219,,,,,,other,ANNEAL,6.3,,
S,AC,,5.9,516,C,25,980,1326,,7,,145,,FCC,CAST,5.9,131,145
S,AC,,5.9,516,C,25,980,1326,,7,,145,,FCC,CAST,5.9,131,145
S,AC,,6.1,516,C,25,1074,1617,,8,,146,,FCC,CAST,6.1,137,146
S,AC,,5.7,537,C,25,300,536,,0.85,,108,,FCC,CAST,5.7,122,122
M,AC,,2.9,,C,25,488,879,17,,,,,other,CAST,2.9,,
M,AC,,3,,C,25,415,836,16,,,,,other,CAST,3,,
M,AC,,2.7,,,25,,,,,,,,other,CAST,2.7,,
M,AC,,3,,,25,,,,,,,,other,CAST,3,,
M,AC,,2.9,,C,25,546,546,,,,,,other,CAST,2.9,,
M,AC,,3.9,,C,25,600,615,1,,,,,other,CAST,3.9,,
M,,,2.7,591,,25,,,,,69,,,other,,2.7,,69
S,HIP+A,180,7.7,500,C,25,1965,2061,5,,110,,,BCC,OTHER,7.7,107,110
S,HIP+A,,7.8,,C,800,678,693,50,,,,,BCC,OTHER,7.7,107,107
S,HIP+A,,7.8,,C,1000,166,189,50,,,,,BCC,OTHER,7.7,107,107
S,HIP+A,200,8.1,490,C,25,1965,2054,5,,113,,,BCC,OTHER,8.1,110,113
S,HIP+A,,8.2,,C,800,362,397,50,,,,,BCC,OTHER,8.1,110,110
S,HIP+A,,8.2,,C,1000,236,247,50,,,,,BCC,OTHER,8.1,110,110
S,HIP+A,140,9.1,500,C,25,1841,2269,10,,110,,,BCC,OTHER,9.1,107,110
S,HIP+A,,9,,C,800,796,834,50,,,,,BCC,OTHER,9.1,107,107
S,HIP+A,,9,,C,1000,298,455,50,,,,,BCC,OTHER,9.1,107,107
S,HIP+A,100,7.6,530,C,25,2035,2105,5,,111,,,BCC,OTHER,7.6,109,111
S,HIP+A,,7.4,,C,800,796,851,50,,,,,BCC,OTHER,7.6,109,109
S,HIP+A,,7.4,,C,1000,220,225,50,,,,,BCC,OTHER,7.6,109,109
M,HIP+A,75,7.1,591,C,25,2000,2368,10,,123,,,other,OTHER,7.1,,123
M,HIP+A,,7.4,,C,800,1597,1810,11,,,,,other,OTHER,7.1,,
M,HIP+A,,7.4,,C,1000,745,772,50,,,,,other,OTHER,7.1,,
M,HIP+A,,7.4,,C,1200,250,,50,,,,,other,OTHER,7.1,,
S,HIP+A,2000,6.8,408,C,25,1280,1367,4,,106,,,BCC,OTHER,6.8,105,106
S,HIP+A,,6.9,,C,800,728,1000,12,,,,,BCC,OTHER,6.8,105,105
S,HIP+A,,6.9,,C,1000,403,415,50,,,,,BCC,OTHER,6.8,105,105
S,AC,105,9.5,353,C,25,1188,,50,,,63,,BCC,CAST,9.5,105,105
S,AC,86,9.3,396,C,25,1302,,46,,,97,,BCC,CAST,9.3,104,104
S,AC,89,9.3,427,C,25,1415,2050,30,,,102,,BCC,CAST,9.1,103,103
M,AC,92,8.6,441,C,25,1489,1900,21,,,103,,other,CAST,8.9,,
S,AC,120,9.7,295,C,25,1073,,50,,,55,,BCC,CAST,9.9,107,107
S,AC,,7.1,460,C,25,1250,1500,13,,164,,,BCC,CAST,7.1,161,164
S,AC,,6.8,487,C,25,1625,1800,11,,158,,,BCC,CAST,6.8,156,158
S,AC,,6.6,517,C,25,1260,1300,8,,154,,,BCC,CAST,6.6,151,154
S,AC,,6.4,537,C,25,1375,1400,3,,150,,,BCC,CAST,6.4,147,150
S,AC,,7.3,441,C,25,1200,2050,26,,170,,,BCC,CAST,7.3,167,170
S,AC,,8.8,,C,25,1330,,,,92,,,BCC,CAST,8.8,130,130
S,AC,,8.5,,C,25,1014,,,,97,,,BCC,CAST,8.5,127,127
S,AC,,7.9,,C,25,993,,,,101,,,BCC,CAST,7.9,122,101
S,AC,,9.2,,C,25,1092,,,,106,,,BCC,CAST,9.2,134,106
S,A,350,5.5,448,C,25,1020,1318,,5,105,,,BCC,ANNEAL,5.5,104,105
S,A,,5.6,,C,600,810,1050,,12,,,,BCC,ANNEAL,5.5,104,104
S,A,,5.6,,C,800,685,,,50,,,,BCC,ANNEAL,5.5,104,104
S,A,,5.6,,C,1000,158,,,50,,,,BCC,ANNEAL,5.5,104,104
M,HIP+A,,8,540,C,25,1595,2046,5,,,,,other,OTHER,8,,
M,HIP+A,,8.2,,C,800,983,1100,5.5,,,,,other,OTHER,8,,
M,HIP+A,,8.2,,C,1000,546,630,50,,,,,other,OTHER,8,,
M,HIP+A,,8.2,,C,1200,170,190,50,,,,,other,OTHER,8,,
M,HIP+A,,6.6,482,C,25,1298,,3,,,,,other,OTHER,6.6,,
M,HIP+A,,6.6,,C,600,1230,,10,,,,,other,OTHER,6.6,,
M,HIP+A,,6.6,,C,800,615,,50,,,,,other,OTHER,6.6,,
M,HIP+A,,6.6,,C,1000,259,,50,,,,,other,OTHER,6.6,,
M,HIP+A,,6.6,418,C,25,1260,,6,,,,,other,OTHER,6.6,,
M,HIP+A,,6.7,,C,600,1035,,50,,,,,other,OTHER,6.6,,
M,HIP+A,,6.7,,C,800,300,,50,,,,,other,OTHER,6.6,,
M,HIP+A,,6.7,,C,1000,115,,50,,,,,other,OTHER,6.6,,
S,HIP+A,550,6.4,304,C,25,918,,50,,109,,,BCC,OTHER,6.4,105,109
S,HIP+A,,6.3,,C,600,571,,50,,,,,BCC,OTHER,6.4,105,105
S,HIP+A,,6.3,,C,800,240,,50,,,,,BCC,OTHER,6.4,105,105
S,HIP+A,,6.3,,C,1000,72,,50,,,,,BCC,OTHER,6.4,105,105
S,HIP+A,550,6.5,335,C,25,1105,,50,,104,,,BCC,OTHER,6.5,100,100
S,HIP+A,,6.5,,C,600,834,,50,,,,,BCC,OTHER,6.5,100,100
S,HIP+A,,6.5,,C,800,187,,50,,,,,BCC,OTHER,6.5,100,100
S,HIP+A,,6.5,,C,1000,58,,50,,,,,BCC,OTHER,6.5,100,100
S,AC,,7.9,,C,25,1176,1538,,,123.1,,,BCC,CAST,7.9,115,115
M,AC,,7.8,,C,25,1183,2139,38,,,,,other,CAST,7.8,,
M,AC,,7.7,,C,25,1201,1965,33,,,,,other,CAST,7.7,,
S,AC,,9.9,395,C,25,1112,,50,,,96,,BCC,CAST,9.9,115,115
S,AC,,10,480,C,25,1317,,50,,,102,,BCC,CAST,9.9,123,123
S,AC,,10,492,C,25,1373,,50,,,109,,BCC,CAST,9.9,130,130
S,AC,,10,505,C,25,1512,1800,12,,,115,,BCC,CAST,9.9,137,137
S,AC,,9.9,335,C,25,1015,,50,,,85,,BCC,CAST,9.9,107,107
S,AC,,10,505,C,25,1512,,12,,147,,,BCC,CAST,9.9,137,147
S,AC,,10,,C,800,1007,,23,,,,,BCC,CAST,9.9,137,137
S,AC,,10,,C,1000,814,,30,,,,,BCC,CAST,9.9,137,137
S,AC,,10,,C,1200,556,,30,,,,,BCC,CAST,9.9,137,137
S,AC,,10.2,542,C,25,1600,1743,4,,155,,,BCC,CAST,10.2,143,143
S,AC,,10.2,,C,800,1045,1446,19,,,,,BCC,CAST,10.2,143,143
S,AC,,10.2,,C,1000,855,,30,,,,,BCC,CAST,10.2,143,143
S,AC,,10.2,,C,1200,404,,30,,,,,BCC,CAST,10.2,143,143
S,A,,8.7,,C,25,1575,1640,9,,,,,BCC,ANNEAL,8.7,128,128
S,A,,8.7,,C,800,825,1095,50,,,,,BCC,ANNEAL,8.7,128,128
S,A,,8.7,,C,1000,635,654,50,,,,,BCC,ANNEAL,8.7,128,128
S,A,,8.7,,C,1200,187,194,50,,,,,BCC,ANNEAL,8.7,128,128
S,AC,,8.7,,C,25,1719,1803,10,,139,,,BCC,CAST,8.7,128,128
M,AC,,8.6,,C,800,875,,50,,,,,other,CAST,7.8,,
M,AC,,8.6,,C,1000,240,,50,,,,,other,CAST,7.8,,
M,AC,,8.6,490,C,25,1399,1608,11,,,,,other,CAST,7.8,,
S,AC,,8.1,301,T,25,903,990,19,,107,,,BCC,CAST,8.2,103,107
S,HIP+A,,9.9,,C,25,929,,50,,,,,BCC,OTHER,9.9,107,107
S,HIP+A,,9.9,,C,400,790,,50,,,,,BCC,OTHER,9.9,107,107
S,HIP+A,,9.9,,C,600,675,,50,,,,,BCC,OTHER,9.9,107,107
S,HIP+A,,9.9,,C,800,535,,50,,,,,BCC,OTHER,9.9,107,107
S,HIP+A,,9.9,,C,1000,295,,50,,,,,BCC,OTHER,9.9,107,107
S,HIP+A,,9.9,,C,1200,92,,50,,,,,BCC,OTHER,9.9,107,107
S,AC,,8.4,,T,25,879,969,,14.9,92,,,BCC,CAST,8.4,89,92
S,A,200,10.7,504,C,25,1525,2400,21,,187,,,BCC,ANNEAL,10.7,186,187
S,AC,80,12.4,536,C,25,1246,1270,2,,232,,,BCC,CAST,12.4,229,232
S,AC,,12.4,,C,600,862,,13,,,,,BCC,CAST,12.4,229,229
S,AC,,12.4,,C,800,846,,17,,,,,BCC,CAST,12.4,229,229
S,AC,,12.4,,C,1000,842,,19,,,,,BCC,CAST,12.4,229,229
S,AC,,12.4,,C,1200,735,,7.5,,,,,BCC,CAST,12.4,229,229
S,AC,,12.4,,C,1400,656,,40,,,,,BCC,CAST,12.4,229,229
S,AC,,12.4,,C,1600,477,,40,,,,,BCC,CAST,12.4,229,229
S,AC,200,13.7,454,C,25,1058,1211,2,,258,,,BCC,CAST,13.7,250,258
S,AC,,13.8,,C,600,561,,40,,,,,BCC,CAST,13.7,250,250
S,AC,,13.8,,C,800,552,,40,,,,,BCC,CAST,13.7,250,250
S,AC,,13.8,,C,1000,548,,40,,,,,BCC,CAST,13.7,250,250
S,AC,,13.8,,C,1200,506,,40,,,,,BCC,CAST,13.7,250,250
S,AC,,13.8,,C,1400,421,,40,,,,,BCC,CAST,13.7,250,250
S,AC,,13.8,,C,1600,405,,40,,,,,BCC,CAST,13.7,250,250
S,A,,6.7,,C,25,1289,,,42,,,,BCC,ANNEAL,6.7,114,114
S,A,,6.8,,C,25,1473,,,32,,,,BCC,ANNEAL,6.8,122,122
S,A,,7,,C,25,1706,,,32,,,,BCC,ANNEAL,6.9,130,130
S,A,,7.3,,C,25,1496,,,30,,,,BCC,ANNEAL,7.3,150,150
S,A,,7.4,,C,25,1603,,,20,,,,BCC,ANNEAL,7.4,156,156
S,A,,7.5,,C,25,1645,,,15,,,,BCC,ANNEAL,7.5,161,161
S,A,,7.6,,C,25,1765,,,12,,,,BCC,ANNEAL,7.6,169,169
S,A,,7.1,,C,25,1779,,,32,,,,BCC,ANNEAL,7.1,141,141
S,A,,7.3,,C,25,1455,,,25,,,,BCC,ANNEAL,7.2,142,142
S,A,,6.6,,C,25,932,,,45,,,,BCC,ANNEAL,6.6,102,102
S,A,,6.8,,C,25,1312,,,50,,,,BCC,ANNEAL,6.8,112,112
S,A,,6.9,,C,25,1301,,,43,,,,BCC,ANNEAL,6.9,122,122
S,A,,7.1,,C,25,1436,,,27,,,,BCC,ANNEAL,7.1,130,130
S,A,,7.4,,C,25,1603,,,20,,,,BCC,ANNEAL,7.4,153,153
S,A,,7.5,,C,25,1576,,,8,,,,BCC,ANNEAL,7.5,159,159
S,A,,6.5,,C,25,866,,,45,,,,BCC,ANNEAL,6.5,96,96
S,A,,6.5,,C,25,1104,,,50,,,,BCC,ANNEAL,6.5,100,100
S,AC,,7.3,,C,25,1776,3893,30,,153,,,BCC,CAST,7.3,142,153
S,AC,,7.2,,C,25,1647,3307,28,,152,,,BCC,CAST,7.2,142,152
S,AC,,7.2,,C,25,1708,3929,29,,150,,,BCC,CAST,7.2,141,150
S,AC,,7.1,,C,25,1786,3828,26,,149,,,BCC,CAST,7.1,141,149
S,AC,,7.1,,C,25,1735,3300,20,,147,,,BCC,CAST,7.1,140,147
S,AC,,7,,C,25,1538,3176,23,,146,,,BCC,CAST,7,139,146
S,AC,,6.9,,C,25,1418,2508,24,,143,,,BCC,CAST,6.9,138,143
S,AC,,7.3,,C,25,1592,3450,34,,155,,,BCC,CAST,7.3,143,155
M,AC,,8,267,,25,,,,,,,,other,CAST,8,,
M,AC,,8.1,402,,25,,,,,,,,other,CAST,8.1,,
M,AC,,8.2,557,,25,,,,,,,,other,CAST,8.2,,
M,AC,,8.3,606,,25,,,,,,,,other,CAST,8.3,,
M,AC,,8.4,602,,25,,,,,,,,other,CAST,8.4,,
M,AC,,8.5,538,,25,,,,,,,,other,CAST,8.5,,
M,AC,,8.5,520,,25,,,,,,,,other,CAST,8.5,,
M,AC,,8.5,510,,25,,,,,,,,other,CAST,8.5,,
M,AC,,8.5,382,,25,,,,,,,,other,CAST,8.5,,
M,AC,,8.4,625,,25,,,,,,,,other,CAST,8.4,,
S,AC,,7.8,238,,25,,,,,187,,,FCC,CAST,7.8,184,187
M,AC,,6.7,,C,25,1862,2431,1,,,164,,other,CAST,7.2,,164
S,AC,,6.1,,C,25,1465,2016,2,,,190,,BCC,CAST,7.1,174,190
M,AC,,5.1,,C,25,1461,1461,1,,,163,,other,CAST,6.8,,163
M,AC,,7.3,,C,25,1312,1312,1,,,74,,other,CAST,7.3,,74
S,AC,,8.3,147,C,25,215,,60,,169,,,FCC,CAST,8.3,167,169
S,AC,,8.3,109,C,25,140,,65,,171,,,FCC,CAST,8.3,169,171
M,AC,,8.1,241,C,25,515,,40,,,,,other,CAST,8.1,,
M,AC,,8.3,318,C,25,630,,20,,,,,other,CAST,8.3,,
S,AC,,8.3,166,C,25,330,,45,,174,,,FCC,CAST,8.3,173,174
M,AC,,8.4,205,C,25,380,,63,,,,,other,CAST,8.4,,
S,AC,,7.9,,C,1000,150,,,,,,,FCC,CAST,7.6,189,189
S,AC,,7.9,,C,25,388,,,,,,,FCC,CAST,7.6,189,189
S,AC,,7.9,,C,300,411,,,,,,,FCC,CAST,7.6,189,189
S,AC,,7.9,,C,500,421,,,,,,,FCC,CAST,7.6,189,189
S,AC,,7.9,,C,700,426,,,,,,,FCC,CAST,7.6,189,189
S,AC,,7.9,,C,900,230,,,,,,,FCC,CAST,7.6,189,189
S,AC,,7.9,,C,1100,80,,,,,,,FCC,CAST,7.6,189,189
S,AC,,6.7,,C,1000,116,,,,,,,BCC,CAST,6.3,156,156
S,AC,,6.7,,C,1100,79,,,,,,,BCC,CAST,6.3,156,156
S,AC,,6.7,,C,25,1620,,,,,,,BCC,CAST,6.3,156,156
S,AC,,6.7,,C,600,805,,,,,,,BCC,CAST,6.3,156,156
S,AC,,6.7,,C,500,1120,,,,,,,BCC,CAST,6.3,156,156
S,AC,,6.7,,C,700,567,,,,,,,BCC,CAST,6.3,156,156
S,AC,,6.7,,C,900,214,,,,,,,BCC,CAST,6.3,156,156
S,AC,,6.7,,C,800,302,,,,,,,BCC,CAST,6.3,156,156
M,AC,,7.4,,C,1000,47,,,,,,,other,CAST,7.1,,
M,AC,,7.4,,C,25,948,,,,,,,other,CAST,7.1,,
M,AC,,7.4,,C,600,561,,,,,,,other,CAST,7.1,,
M,AC,,7.4,,C,700,307,,,,,,,other,CAST,7.1,,
M,AC,,7.4,,C,800,172,,,,,,,other,CAST,7.1,,
M,AC,,7.4,,C,900,98,,,,,,,other,CAST,7.1,,
S,AC,,6.6,,C,25,,,,,,,,BCC,CAST,6.6,170,170
S,AC,,6.6,,C,400,1080,1100,2,,,,,BCC,CAST,6.6,170,170
S,AC,,6.6,,C,600,1060,1170,3,,,,,BCC,CAST,6.6,170,170
S,AC,,6.6,,C,800,860,1000,2,,,,,BCC,CAST,6.6,170,170
S,AC,,6.6,,C,1000,594,630,15,,,,,BCC,CAST,6.6,170,170
S,AC,,6.6,,C,1200,105,116,24,,,,,BCC,CAST,6.6,170,170
S,A,,6.6,,C,600,930,,,,,,,BCC,ANNEAL,6.6,170,170
S,A,,6.6,,C,800,875,,,,,,,BCC,ANNEAL,6.6,170,170
S,A,,6.6,,C,1000,550,,,,,,,BCC,ANNEAL,6.6,170,170
S,A,,6.6,,C,1200,150,,,,,,,BCC,ANNEAL,6.6,170,170
S,A,,6,,C,400,1070,,,,,,,BCC,ANNEAL,6,189,189
S,A,,6,,C,600,1020,,,,,,,BCC,ANNEAL,6,189,189
S,A,,6,,C,800,875,,,,,,,BCC,ANNEAL,6,189,189
S,A,,6,,C,1000,375,,,,,,,BCC,ANNEAL,6,189,189
S,A,,6,,C,1200,100,,,,,,,BCC,ANNEAL,6,189,189
S,A,,6.5,,C,600,520,,,,,,,BCC,ANNEAL,6.5,151,151
S,A,,6.5,,C,800,500,,,,,,,BCC,ANNEAL,6.5,151,151
S,A,,6.5,,C,1000,540,,,,,,,BCC,ANNEAL,6.5,151,151
S,A,,6.5,,C,1200,200,,,,,,,BCC,ANNEAL,6.5,151,151
S,A,,5.5,,C,600,780,1005,,,,,,other,ANNEAL,5.5,,
S,A,,5.5,,C,800,560,700,,,,,,other,ANNEAL,5.5,,
S,A,,5.5,,C,25,1000,1280,,,,,,other,ANNEAL,5.5,,
M,A,,5.7,,C,600,1155,1385,,,,,,other,ANNEAL,5.8,,
M,A,,5.7,,C,800,550,600,,,,,,other,ANNEAL,5.8,,
M,A,,5.7,,C,25,1500,1675,,,,,,other,ANNEAL,5.8,,
M,A,,5.5,,C,600,975,1085,,,,,,other,ANNEAL,5.5,,
M,A,,5.5,,C,800,865,920,,,,,,other,ANNEAL,5.5,,
M,A,,5.5,,C,25,1290,1395,,,,,,other,ANNEAL,5.5,,
M,A,,5.6,,C,600,1065,1260,,,,,,other,ANNEAL,5.6,,
M,A,,5.6,,C,800,855,865,,,,,,other,ANNEAL,5.6,,
M,A,,5.6,,C,25,1360,1480,,,,,,other,ANNEAL,5.6,,
M,A,,5.6,,C,600,1135,1425,,,,,,other,ANNEAL,5.6,,
M,A,,5.6,,C,800,675,740,,,,,,other,ANNEAL,5.6,,
M,A,,5.6,,C,25,1485,,,,,,,other,ANNEAL,5.6,,
M,A,,5.8,,C,600,1195,1195,,,,,,other,ANNEAL,5.8,,
M,A,,5.8,,C,800,180,395,,,,,,other,ANNEAL,5.8,,
M,A,,5.8,,C,25,1535,1550,,,,,,other,ANNEAL,5.8,,
M,AC,,8.8,,C,25,,1419.6,,,,,,other,CAST,8.8,,
M,AC,,7.8,,C,25,,1096.8,,,,,,other,CAST,7.8,,
M,AC,,8.5,,C,25,,1905.6,,,,,,other,CAST,8.5,,
S,AC,,8.3,,C,25,,1771.3,,,220.1,,,BCC,CAST,8.3,212,212
M,AC,,8.2,,C,25,,1609.2,,,,,,other,CAST,8.2,,
M,A,,8.2,,C,25,1457,1908,,,,,,other,ANNEAL,8.2,,
M,A,,8.2,,C,25,1420,1885,4.2,,,,,other,ANNEAL,8.2,,
M,A,,8.2,,C,25,1328,1884,,,,,,other,ANNEAL,8.2,,
M,A,,8.2,,C,25,1322,1726,,,,,,other,ANNEAL,8.2,,
M,AC,,8.2,,C,25,1375,2130,3,,,,,other,CAST,8.2,,
M,A,,8,,C,25,1157,1468,,,,,,other,ANNEAL,8.1,,
S,A,,8,,C,25,1253,1393,,,99,,,BCC,ANNEAL,8.1,95,99
S,A,,8,,C,25,1140,1463,,,99,,,BCC,ANNEAL,8.1,95,99
S,A,,8,,C,25,1120,1376,30,,99,,,BCC,ANNEAL,8.1,95,99
M,AC,,8,,C,25,1170,1463,29.6,,,,,other,CAST,8.1,,
M,SPS,,12.5,715,C,25,2034,,1.5,,,,,other,POWDER,12.6,,
M,SPS,,12.5,,C,1200,750,,1.5,,,,,other,POWDER,12.6,,
M,SPS,,12.2,780,C,25,2050,,1.5,,,,,other,POWDER,12.3,,
M,SPS,,12.2,,C,1200,586,,1.5,,,,,other,POWDER,12.3,,
M,SPS,,12.9,715,C,25,2327,,1.5,,,,,other,POWDER,13,,
M,SPS,,12.9,,C,1200,979,,1.5,,,,,other,POWDER,13,,
S,AC,,10.4,,C,60,795,,,,125,,,BCC,CAST,10.4,122,125
S,AC,,10.4,,C,100,765,,,,,,,BCC,CAST,10.4,122,122
S,AC,,10.4,,C,200,650,,,,,,,BCC,CAST,10.4,122,122
S,AC,,10.4,,C,300,590,,,,,,,BCC,CAST,10.4,122,122
S,AC,,10.4,,C,25,845,,,,,,,BCC,CAST,10.4,122,122
M,AC,,7.7,442,C,25,1350,2150,,28,,,,other,CAST,7.7,,
M,AC,,7.5,494,C,25,1370,1950,,23,,,,other,CAST,7.5,,
M,AC,,7.2,524,C,25,1600,1900,,23,,,,other,CAST,7.2,,
M,AC,,7,580,C,25,1550,1900,,12,,,,other,CAST,7,,
M,AC,,6.8,640,C,25,1650,2000,,9,,,,other,CAST,6.8,,
S,AC,,7.9,400,C,25,1150,1500,,25,123.1,,,other,CAST,7.9,,123.1
S,CR,,8.4,,C,-268.8,2250,,,,103.1,,,BCC,WROUGHT,8.4,100,103.1
S,CR,,8.4,,C,-268.8,2210,,,,103.1,,,BCC,WROUGHT,8.4,100,103.1
S,CR,,8.4,,C,-196,1880,,,,,,,BCC,WROUGHT,8.4,100,100
S,CR,,8.4,,C,-196,1750,,,,,,,BCC,WROUGHT,8.4,100,100
S,CR,,8.4,,C,-153,1640,,,,,,,BCC,WROUGHT,8.4,100,100
S,CR,,8.4,,C,-153,1550,,,,,,,BCC,WROUGHT,8.4,100,100
S,CR,,8.4,,C,-103,1380,,,,,,,BCC,WROUGHT,8.4,100,100
S,CR,,8.4,,C,-103,1370,,,,,,,BCC,WROUGHT,8.4,100,100
S,CR,,8.4,,C,-43,1200,,,,,,,BCC,WROUGHT,8.4,100,100
S,CR,,8.4,,C,-43,1180,,,,,,,BCC,WROUGHT,8.4,100,100
S,CR,,8.4,,C,72,1040,,,,,,,BCC,WROUGHT,8.4,100,100
S,CR,,8.4,,C,72,1020,,,,,,,BCC,WROUGHT,8.4,100,100
S,CR,,8.4,,C,25,1150,,,,,,,BCC,WROUGHT,8.4,100,100
S,CR,,8.4,,C,25,1100,,,,,,,BCC,WROUGHT,8.4,100,100
S,CR+A,,8.4,,C,-268.8,2390,,,,103.1,,,BCC,WROUGHT,8.4,100,103.1
S,CR+A,,8.4,,C,-196,1920,,,,,,,BCC,WROUGHT,8.4,100,100
S,CR+A,,8.4,,C,-153,1370,,,,,,,BCC,WROUGHT,8.4,100,100
S,CR+A,,8.4,,C,-103,1250,,,,,,,BCC,WROUGHT,8.4,100,100
S,CR+A,,8.4,,C,-43,1020,,,,,,,BCC,WROUGHT,8.4,100,100
S,CR+A,,8.4,,C,72,640,,,,,,,BCC,WROUGHT,8.4,100,100
S,CR+A,,8.4,,C,25,890,,,,,,,BCC,WROUGHT,8.4,100,100
M,AC,,8.5,,C,1000,398,430,,,,,,other,CAST,8.5,,
M,AC,,8.5,,C,25,1617,2016,,,,,,other,CAST,8.5,,
M,AC,,8.5,,C,1200,166,187,,,,,,other,CAST,8.5,,
M,AC,,8.2,,C,1000,614,696,,,,,,other,CAST,8.2,,
M,AC,,8.2,,C,25,1787,2052,,,,,,other,CAST,8.2,,
M,AC,,8.2,,C,1200,188,219,,,,,,other,CAST,8.2,,
M,AC,,7.9,,C,1000,673,741,,,,,,other,CAST,7.9,,
M,AC,,7.9,,C,25,2134,2242,,,,,,other,CAST,7.9,,
M,AC,,7.9,,C,1200,235,268,,,,,,other,CAST,7.9,,
S,AC,,9,,C,1000,368,394,,,131.9,,,BCC,CAST,9,126,132
S,AC,,9,,C,1200,60,,,,,,,BCC,CAST,9,126,132
S,AC,,9,,C,25,1260,,,,,,,BCC,CAST,9,126,132
S,CR+A,,8.5,,T,25,540,995,,,95.2,,,BCC,WROUGHT,8.5,92,95.2
M,HIP+A,,8.6,,C,1000,366,408,,,,,,other,OTHER,8.6,,
M,HIP+A,,8.6,,C,25,1745,1830,,,,,,other,OTHER,8.6,,
M,HIP+A,,7.6,,C,1000,579,646,,,,,,other,OTHER,7.6,,
M,HIP+A,,7.6,,C,25,2350,2460,,,,,,other,OTHER,7.6,,
M,HIP+A,,7.1,,C,25,2197,2370,,,,,,other,OTHER,7.1,,
S,HIP+A,,7.2,,C,1000,935,1019,,,,,,other,OTHER,7.2,,
S,HIP+A,,7.2,,C,25,,1320,,,,,,other,OTHER,7.2,,
S,HIP+A,,6.9,,C,1000,535,542,,,,,,other,OTHER,6.9,,
S,HIP+A,,6.9,,C,25,1352,1357,,,,,,other,OTHER,6.9,,
M,A,,7.5,,C,400,1273,1335,14.5,,,,,other,ANNEAL,7.5,,
M,A,,7.5,,C,600,597,651,50,,,,,other,ANNEAL,7.5,,
M,A,,7.5,,C,800,102,107,50,,,,,other,ANNEAL,7.5,,
M,A,,7.5,,C,25,1483,1611,9.5,,,,,other,ANNEAL,7.5,,
M,AC,,7.5,,C,600,920,1252,50,,,,,other,CAST,7.5,,
M,AC,,7.5,,C,800,371,427,50,,,,,other,CAST,7.5,,
M,AC,,7.5,,C,25,1540,1643,16.8,,,,,other,CAST,7.5,,
S,SPD,0.05,9.9,420,T,25,1900,,7.9,,110.6,,,BCC,OTHER,9.9,107,110.6
M,SPD+A,0.05,9.9,530,T,25,1520,,1.7,,,,,other,OTHER,9.9,,
M,SPD+A,0.1,9.9,340,T,25,795,,5,,,,,other,OTHER,9.9,,
S,CR+A,100,9.9,309,T,25,830,840,9.2,,110.6,,,BCC,WROUGHT,9.9,107,110.6
S,CR,,9.9,366,T,25,1202,1295,4.7,,110.6,,,BCC,WROUGHT,9.9,107,110.6
M,CR+A,,9.9,,T,25,1303,1334,,,,,,other,WROUGHT,9.9,,
S,CR+A,,9.9,351,T,25,1145,1262,9.7,,110.6,,,BCC,WROUGHT,9.9,107,110.6
S,CR+A,,9.9,,T,25,958,974,,,110.6,,,BCC,WROUGHT,9.9,107,110.6
S,CR+A,,9.9,,T,25,944,959,,,110.6,,,BCC,WROUGHT,9.9,107,110.6
S,CR+A,,9.9,,T,25,940,953,,,110.6,,,BCC,WROUGHT,9.9,107,110.6
S,CR+A,,9.9,,T,25,940,1080,,,110.6,,,BCC,WROUGHT,9.9,107,110.6
S,AC,,9.9,,C,25,905,,,,110.6,,,BCC,CAST,9.9,107,110.6
S,AC,,9.9,,C,25,890,,,,110.6,,,BCC,CAST,9.9,107,110.6
S,AC,,9.9,,T,25,828,862,,,110.6,,,BCC,CAST,9.9,107,110.6
S,AC,,9.9,,T,25,827,856,,,110.6,,,BCC,CAST,9.9,107,110.6
S,AC,,9.9,,T,25,820,869,,,110.6,,,BCC,CAST,9.9,107,110.6
S,AC,,9.9,,T,25,803,810,,,110.6,,,BCC,CAST,9.9,107,110.6
S,AC,,9.2,,C,25,1021,1249,,,184,,,BCC,CAST,9.3,183,184
S,AC,,8.6,,C,25,962,1033,,,174.1,,,BCC,CAST,8.7,173,174.1
S,AC,,8.2,,C,25,,735,,,165.8,,,BCC,CAST,8.2,165,165.8
S,AC,,9.5,,C,25,1221,1454,,,189.8,,,BCC,CAST,9.6,189,189.8
M,A,,11.1,571,C,25,2310,,0.3,,,,,other,ANNEAL,11.1,,
M,A,,11.1,536,C,25,2100,2200,3.5,,,,,other,ANNEAL,11.1,,
M,A,,11.1,,C,25,2020,2030,1.7,,,,,other,ANNEAL,11.1,,
M,A,,11.1,550,C,25,1950,2010,2.2,,,,,other,ANNEAL,11.1,,
S,AC,,11.1,365,C,25,1315,1800,21.6,,109.3,,,BCC,CAST,11.1,105,109.3
M,AC,,9.2,,T,25,400,1100,,,,,,other,CAST,9.2,,
M,AC,,9.4,,T,25,700,1100,,,,,,other,CAST,9.4,,
M,AC,,9.6,,T,25,800,1100,,,,,,other,CAST,9.6,,
S,AC,,10.2,,T,25,1500,1500,,,112,,,BCC,CAST,10.2,107,112
S,AC,,13,478.3,C,25,1109,1197,,,249.4,,,BCC,CAST,13.1,242,249.4
S,AC,,12.6,481.2,C,25,1211,1578,,,242,,,BCC,CAST,12.6,234,242
S,AC,,12.1,495.6,C,25,1304,1593,,,235.4,,,BCC,CAST,12.2,228,235.4
S,AC,,11.7,507.5,C,25,1455,1910,,,229.4,,,BCC,CAST,11.8,222,229.4
S,AC,,13.6,,C,25,996,1148,,,257.8,,,BCC,CAST,13.7,250,257.8
S,AC,,9.3,,C,25,1400,2450,,,172.8,,,BCC,CAST,9.4,171,172.8
S,AC,,10.9,,C,600,973,1590,,,212.5,,,BCC,CAST,11,209,212.5
S,AC,,10.9,,C,800,791.3,1180,,,,,,BCC,CAST,11,209,212.5
S,AC,,10.9,,C,1000,752.8,1105,,,,,,BCC,CAST,11,209,212.5
S,AC,,10.9,,C,1200,659,696,,,,,,BCC,CAST,11,209,212.5
S,AC,,10.9,,C,25,1515,2135,,,,,,BCC,CAST,11,209,212.5
S,AC,,11.7,,C,600,689,1681,,,229.4,,,BCC,CAST,11.8,222,229.4
S,AC,,11.7,,C,800,674,1618,,,,,,BCC,CAST,11.8,222,229.4
S,AC,,11.7,,C,1000,620,1426,,,,,,BCC,CAST,11.8,222,229.4
S,AC,,11.7,,C,1200,586,814,,,,,,BCC,CAST,11.8,222,229.4
S,AC,,11.7,,C,25,1343,2005,,,,,,BCC,CAST,11.8,222,229.4
M,AC,,9.1,,C,25,1390,,,,,,,other,CAST,9.1,,
M,A,,9.1,,C,25,1100,1200,,,,,,other,ANNEAL,9.1,,
M,AC,,9.1,,C,25,1375,1450,,,,,,other,CAST,9.1,,
S,SPS,,12.3,,C,25,2612,3472,,,231.8,,,BCC,POWDER,12.4,229,231.8
S,AC,,9.1,,C,25,965,,,,133.8,,,BCC,CAST,9.2,134,133.8
S,AC,,11,,C,25,1420,1800,20,,189.2,,,BCC,CAST,11.1,187,189.2
S,AC,,12.8,,C,25,1530,1700,12,,207.5,,,BCC,CAST,12.9,206,207.5
M,A,,5.8,,C,600,930,,,,,,,other,ANNEAL,5.8,,
M,A,,5.8,,C,800,445,,,,143,,,other,ANNEAL,5.8,,143
M,A,,5.8,,C,1000,90,,,,,,,other,ANNEAL,5.8,,
M,A,,5.8,,C,25,1340,1700,,,,,,other,ANNEAL,5.8,,
S,AC,,5.8,,C,25,1240,,,,,,,BCC,CAST,5.8,134,134
S,A,,5.6,,C,600,1005,1045,,,124.1,,,BCC,ANNEAL,5.6,119,124.1
S,A,,5.6,,C,800,640,685,,,,,,BCC,ANNEAL,5.6,119,124.1
S,A,,5.6,,C,1000,40,80,,,,,,BCC,ANNEAL,5.6,119,124.1
S,A,,5.6,,C,25,1300,1430,,,,,,BCC,ANNEAL,5.6,119,124.1
M,A,,5.8,,C,600,1370,1480,,,,,,other,ANNEAL,5.9,,
M,A,,5.8,,C,800,970,1045,,,,,,other,ANNEAL,5.9,,
M,A,,5.8,,C,1000,75,105,,,,,,other,ANNEAL,5.9,,
M,A,,5.8,,C,25,1700,1700,,,,,,other,ANNEAL,5.9,,
M,A,,5.7,,C,600,1015,1060,,,,,,other,ANNEAL,5.8,,
M,A,,5.7,,C,800,860,895,,,,,,other,ANNEAL,5.8,,
M,A,,5.7,,C,1000,65,95,,,,,,other,ANNEAL,5.8,,
M,A,,5.7,,C,25,1550,1570,,,,,,other,ANNEAL,5.8,,
S,A,,5.5,,C,600,780,1005,,,104.8,,,BCC,ANNEAL,5.5,104,104.8
S,A,,5.5,,C,800,560,700,,,,,,BCC,ANNEAL,5.5,104,104.8
S,A,,5.5,,C,1000,110,,,,,,,BCC,ANNEAL,5.5,104,104.8
S,A,,5.5,,C,25,1000,1280,,,,,,BCC,ANNEAL,5.5,104,104.8
M,CR + A,0.71,,,T,25,900,1074,25,,,,,other,WROUGHT,7.6,,
M,AC,75,,,C,25,219,,,,,,,other,CAST,7.8,,
M,AC,,,,C,25,354,,,,,,,other,CAST,7.6,,
M,AC,,,,C,25,550,,,,,,,other,CAST,7.4,,
M,AC,175,,,C,25,994,,,,,,,other,CAST,7.2,,
M,AC,175,,,C,25,942,,,,,,,other,CAST,6.9,,
M,AC,,,,C,400,132,,,,,,,other,CAST,7.8,,
M,AC,,,,C,400,260,,,,,,,other,CAST,7.6,,
M,AC,,,,C,400,469,,,,,,,other,CAST,7.4,,
M,AC,,,,C,400,943,,,,,,,other,CAST,7.2,,
M,AC,,,,C,400,833,,,,,,,other,CAST,6.9,,
M,AC,,,,C,600,115,,,,,,,other,CAST,7.8,,
M,AC,,,,C,600,155,,,,,,,other,CAST,7.6,,
M,AC,,,,C,600,272,,,,,,,other,CAST,7.4,,
M,AC,,,,C,600,359,,,,,,,other,CAST,7.2,,
M,AC,,,,C,600,326,,,,,,,other,CAST,6.9,,
S,CR + A,4.4,,,T,25,370,670,56,,,,,FCC,WROUGHT,8,220,220
M,A,45,,,T,25,250,730,50,,,,,other,ANNEAL,7.8,,
M,CR + A,4.5,,,T,25,330,870,75,,,,,other,WROUGHT,7.8,,
M,CR + A,6,,,T,25,280,800,65,,,,,other,WROUGHT,7.8,,
M,CR + A,15,,,T,25,350,830,63,,,,,other,WROUGHT,7.8,,
M,HR + A,6.5,,,T,25,298,1400,45,,,,,other,WROUGHT,7.8,,
M,HR + A,5.2,,,T,25,400,1200,42,,,,,other,WROUGHT,7.8,,
M,,0.7,,,T,25,860,1050,48,,,,,other,,7.6,,
M,,2.7,,,T,25,690,930,51,,,,,other,,7.6,,
M,,3.8,,,T,25,550,800,64,,,,,other,,7.6,,
S,,53,,,T,25,260,620,87,,,,,FCC,,7.6,210,210
M,CR + A,,,,,,,,,,,,,other,WROUGHT,7.6,,
S,CR + A,,,,,,,,,,,,,FCC,WROUGHT,7.6,210,210
M,CR + A,,,,,,,,,,,,,other,WROUGHT,7.6,,
M,CR + A,,,,,,,,,,,,,other,WROUGHT,7.6,,
S,CR + A,144,,,T,25,159,410,65,,,,,FCC,WROUGHT,7.6,210,210
M,CR + A,144,,,T,25,215,520,43,,,,,other,WROUGHT,7.6,,
M,CR + A,144,,,T,25,285,540,55,,,,,other,WROUGHT,7.6,,
S,CR + A,23,,,T,25,263,589,60,,,,,FCC,WROUGHT,7.6,210,210
M,CR + A,23,,,T,25,490,840,45,,,,,other,WROUGHT,7.6,,
M,A,,,,,,,,,,,,,other,ANNEAL,7.6,,
M,AC,,,,T,25,175,335,58,,,,,other,CAST,7.6,,
M,A,,,,T,25,305,525,44,,,,,other,ANNEAL,7.6,,
M,A,,,,T,25,280,570,44,,,,,other,ANNEAL,7.6,,
S,Aged,,,,,,,,,,,,,FCC,ANNEAL,7.6,210,210
S,Aged,,,,,,,,,,,,,FCC,ANNEAL,7.6,210,210
M,Aged,,,,,,,,,,,,,other,ANNEAL,7.6,,
M,AC,,,,T,700,395,400,1,,,,,other,CAST,6.7,,
M,AC,,,,C,25,1380,,10,,,,,other,CAST,6.7,,
M,A,,,,C,25,1430,,1.6,,,,,other,ANNEAL,6.7,,
M,A,,,,C,25,1690,,2.7,,,,,other,ANNEAL,6.7,,
M,A,,,,C,25,1220,,13,,,,,other,ANNEAL,6.7,,
M,A,,,,C,25,1450,,20,,,,,other,ANNEAL,6.7,,
M,A,,,,T,25,900,935,0.8,,,,,other,ANNEAL,6.7,,
M,AC,,,,T,25,796,1437,15.7,,,,,other,CAST,6.9,,
M,,,,,T,25,545,1030,16.5,,,,,other,,7,,
M,,,,,T,25,545,1050,16.5,,,,,other,,7.1,,
M,,,,,T,25,545,1110,20,,,,,other,,7.1,,
,,,,,T,-70,580,1034,10.5,,,,,other,,7,,
,,,,,T,-70,595,1168,15.8,,,,,other,,7.1,,
,,,,,T,-70,570,1143,18,,,,,other,,7.1,,
,,,,,T,-192,700,1000,4,,,,,other,,7,,
,,,,,T,-192,700,1000,7,,,,,other,,7.1,,
,,,,,T,-192,700,1000,9,,,,,other,,7.1,,
M,AC,,,,T,25,866,1223,7.9,,,,,other,CAST,7.2,,
,AC,,,,T,650,400,468,6.3,,,,,other,CAST,7.2,,
,AC,,,,T,700,220,340,5.4,,,,,other,CAST,7.2,,
,AC,,,,C,25,1166,,30.2,,,,,other,CAST,7.2,,
S,AC,,,,T,25,350,720,21.9,,,,,FCC,CAST,8.6,234,234
M,CR + A,,,,T,25,1311,1410,12.1,,,,,other,WROUGHT,8.6,,
M,CR + A,,,,T,25,1212,1360,14.9,,,,,other,WROUGHT,8.6,,
M,CR + A,,,,T,25,1028,1249,18.3,,,,,other,WROUGHT,8.6,,
M,CR + A,,,,T,25,879,1194,25.4,,,,,other,WROUGHT,8.6,,
M,CR + A,,,,T,25,799,1127,28.2,,,,,other,WROUGHT,8.6,,
S,CR + A,,,,T,25,350,918,62.4,,,,,FCC,WROUGHT,8.6,234,234
S,AC,,,,T,25,155,472.4,58.9,,,,,FCC,CAST,8.2,226,226
,AC,,,,T,25,198.8,479,51.1,,,,,other,CAST,8.2,,
,AC,,,,T,25,254.7,589.6,55.1,,,,,other,CAST,8.3,,
M,AC,,,,T,25,305.3,709.7,49.3,,,,,other,CAST,8.4,,
M,CR + A,3,,,T,25,815.5,1186.5,18.9,,,,,other,WROUGHT,8.4,,
M,CR + A,3.1,,,T,25,646.7,1042,32.5,,,,,other,WROUGHT,8.4,,
M,CR + A,1.6,,,T,25,683.7,1066.6,30.4,,,,,other,WROUGHT,8.4,,
,HF+A,13,,,T,25,243,558,50,,,,,FCC,WROUGHT,8,220,220
,HF+A,8,,,T,25,446,723,15,,,,,other,WROUGHT,8,,
,HF+CR+A,7,,,T,25,249,621,41,,,,,FCC,WROUGHT,8,220,220
,HF+CR+A,4,,,T,25,581,857,28,,,,,other,WROUGHT,8,,
S,A,,,,T,25,190,453,70,,,,,FCC,ANNEAL,8.2,226,226
S,A,289.7,,,T,25,210,503,70,,,,,FCC,ANNEAL,7.8,214,214
M,CR + A,15.7,,,T,25,645,1094,39,,,,,other,WROUGHT,7.8,,
M,CR + A,2.8,,,T,25,1005,1273,17,,,,,other,WROUGHT,7.8,,
,A,,,168,,,,,,,,,,other,ANNEAL,7.7,,
,A,,,328,,,,,,,,,,other,ANNEAL,7.7,,
,A,,,206,,,,,,,,,,other,ANNEAL,7.7,,
,AC,,,231,,,,,,,,,,other,CAST,7.7,,
,A,,,178,,,,,,,,,,other,ANNEAL,7.7,,
,A,,,343,,,,,,,,,,other,ANNEAL,7.7,,
,A,,,171,,,,,,,,,,other,ANNEAL,7.7,,
,AC,,,343,,,,,,,,,,other,CAST,7.4,,
,A,,,341,,,,,,,,,,other,ANNEAL,7.4,,
M,A,,,345,T,25,568,786,12,,,,,other,ANNEAL,7.4,,
M,A,,,345,T,25,596,1039,20,,,,,other,ANNEAL,7.4,,
M,A,,,345,T,700,487,702,18,,,,,other,ANNEAL,7.4,,
M,A,,,345,T,700,486,624,11,,,,,other,ANNEAL,7.4,,
M,AC,,,,C,25,770,,37.1,,,,,other,CAST,6.4,,
M,AC,,,,C,25,843.2,,34.6,,,,,other,CAST,6.3,,
M,AC,,,,C,25,1044,,27.1,,,,,other,CAST,6.1,,
M,AC,,,,C,25,906.8,,31.4,,,,,other,CAST,6,,
M,AC,,,,C,25,1122.8,,24.7,,,,,other,CAST,5.9,,
M,AC,,,,C,25,,,17,,,,,other,CAST,6.9,,
M,AC,,,,C,25,,,22.7,,,,,other,CAST,6.7,,
M,AC,,,,C,25,,,16.3,,,,,other,CAST,6.4,,
M,A,,,,C,25,,,19.8,,,,,other,ANNEAL,6.4,,
M,AC,,,,C,25,,,7.3,,,,,other,CAST,10.9,,
M,AC,,,,C,25,,,30,,,,,other,CAST,7.1,,
S,A,,,,C,25,230,,75,,,,,FCC,ANNEAL,8,220,220
M,A,,,,C,25,200,,75,,,,,other,ANNEAL,7.9,,
M,A,,,,C,25,620,,75,,,,,other,ANNEAL,7.8,,
M,A,,,,C,25,780,,8,,,,,other,ANNEAL,7.7,,
M,A,,,,C,25,1700,,1,,,,,other,ANNEAL,7.7,,
S,AC,,,,C,25,,,25,,,,,FCC,CAST,7.6,210,210
S,AC,,,,C,25,,,83,,,,,FCC,CAST,8.2,226,226
M,AC,,,,T,25,545,1030,16.5,,,,,other,CAST,7,,
M,AC,,,,T,25,545,1050,16.5,,,,,other,CAST,7.1,,
M,AC,,,,T,25,545,1110,20,,,,,other,CAST,7.1,,
S,CR + A,,,,T,25,719,1048,30,,,,,FCC,WROUGHT,8,209,209
M,CR + A,,,,T,25,460,732,32,,,,,other,WROUGHT,8,,
M,AC,,,,T,25,357,459,9,,,,,other,CAST,7.7,,
M,A,,,,T,25,365,365,0.1,,,,,other,ANNEAL,7.7,,
M,A,,,,T,25,215,489,39,,,,,other,ANNEAL,7.7,,
M,A + CR,,,,T,25,1284,1344,7.6,,,,,other,WROUGHT,7.6,,
S,CR,,,,T,25,1290,1400,5,,,,,FCC,WROUGHT,7.6,189,189
M,CR + A,,,,T,25,650,790,27,,,,,other,WROUGHT,7.6,,
M,AC,,,,T,25,790,790,0.2,,,,,other,CAST,7.1,,
M,HF,,,,T,25,1040,1170,1,,,,,other,WROUGHT,7.1,,
M,AC,,,,T,700,395,400,1,,,,,other,CAST,6.7,,
M,HIP + A,,,,T,700,295,393,12,,,,,other,OTHER,6.7,,
M,AC,,,,T,700,350,360,5,,,,,other,CAST,7.1,,
M,HF,,,,T,700,63,91,63,,,,,other,WROUGHT,7.1,,
S,CR,,,,T,700,180,185,5,,,,,FCC,WROUGHT,7.6,189,189
M,CR + A,,,,T,700,160,180,12,,,,,other,WROUGHT,7.6,,
S,CR + A,51,,,T,25,700,1240,36,,,,,FCC,WROUGHT,7.9,218,218
S,CR + A,,,,T,-196,860,1580,46,,,,,FCC,WROUGHT,7.9,218,218
S,CR,20,,,T,25,1198,,1.5,,,,,FCC,WROUGHT,8,220,220
S,CR + A,20,,,T,25,1403,,1.2,,,,,FCC,WROUGHT,8,220,220
S,CR + A,20,,,T,25,711,928,30.3,,,,,FCC,WROUGHT,8,220,220
S,CR + A,7,,,T,25,356,,42.4,,,,,FCC,WROUGHT,8,220,220
S,CR + A,0.5,,,T,25,1120,,1.1,,,,,FCC,WROUGHT,8,220,220
S,CR + A,,,,T,-196,1692,,10.3,,,,,FCC,WROUGHT,8,220,220
M,AC,,,,T,25,774,1357,6.4,,,,,other,CAST,6.7,,
M,AC,,,,T,25,610,1173,9.1,,,,,other,CAST,6.9,,
M,AC,,,,T,25,479,956,12.7,,,,,other,CAST,7,,
M,AC,,,,T,25,461,835,30,,,,,other,CAST,7.2,,
S,AC,,,,T,25,441,757,45,,,,,FCC,CAST,7.3,196,196
S,CR + A,1.6,,468,T,25,1100,,23,,,,,FCC,WROUGHT,8.3,231,231
S,CR + A,2.3,,326,T,25,597,,53,,,,,FCC,WROUGHT,8.3,231,231
S,CR + A,24,,223,T,25,346,,76,,,,,FCC,WROUGHT,8.3,231,231
M,CR + A,,,,T,25,1263,,21.4,,,,,other,WROUGHT,7.1,,
M,CR + A,,,,T,25,1154,,25,,,,,other,WROUGHT,7.1,,
M,CR + A,,,,T,25,1490,,16,,,,,other,WROUGHT,7.1,,
S,AC,,,130.2,C,25,210,,57,,,,,FCC,CAST,8,220,220
S,CR,,,394.1,C,25,1150,,6,,,,,FCC,WROUGHT,8,220,220
S,CR + A,,,430.7,C,25,1300,,0.7,,,,,FCC,WROUGHT,8,220,220
S,SPS,24,,427.9,C,25,1108,,28.3,,,,,BCC,POWDER,9.2,134,134
S,SPS,30,,444.3,C,25,1308,,27.9,,,,,BCC,POWDER,9.2,134,134
S,SPS,38,,510.9,C,25,1373,,29.5,,,,,BCC,POWDER,9.2,134,134
S,CR + A,30,,,T,25,300,676,52,,,,,FCC,WROUGHT,8,220,220
S,CR + A,0.65,,,T,25,800,888,39.5,,,,,FCC,WROUGHT,8,220,220
M,AC,0.4,,415,C,25,1314,,,20.3,,,,other,CAST,8,,
M,AC,,,432,C,25,1631,,,12.6,,,,other,CAST,7.9,,
M,AC,0.2,,511,C,25,1836,,,4.9,,,,other,CAST,7.6,,
M,AC,,,553,C,25,1932,,,3.8,,,,other,CAST,7.4,,
M,AC,0.2,,622,C,25,2230,,,1.69,,,,other,CAST,7.1,,
M,AC,,,684,C,25,,,,0,,,,other,CAST,6.8,,
S,A + HF,,,,T,20,446,664,63,,,189,,FCC,WROUGHT,8.2,226,226
S,A + HF,,,,T,-73,488,790,72,,,194,,FCC,WROUGHT,8.2,226,226
S,A + HF,,,,T,-196,590,1070,78,,,204,,FCC,WROUGHT,8.2,226,226
S,A + HF,,,,T,-223,,1152,68.6,,,,,FCC,WROUGHT,8.2,226,226
S,A + HF,,,,T,-253,,1240,62,,,,,FCC,WROUGHT,8.2,226,226
S,A + HF,,,,T,-268.8,680,1251,61.6,,,221,,FCC,WROUGHT,8.2,226,226
S,AC,,,94.7,,,,,,,,,,FCC,CAST,8.2,226,226
S,AC,,,117,,,,,,,,,,FCC,CAST,7.6,210,210
M,AC,,,228,,,,,,,,,,other,CAST,7.2,,
M,AC,,,511,,,,,,,,,,other,CAST,6.8,,
M,AC,,,623,,,,,,,,,,other,CAST,6.5,,
S,AC,,,,C,25,216,,,,,,,FCC,CAST,8,220,220
S,AC,,,,C,25,225,,,,,,,FCC,CAST,8.1,221,221
M,AC,,,,C,25,330,,,,,,,other,CAST,8.1,,
M,AC,,,,C,25,560,,,,,,,other,CAST,8.1,,
M,AC,,,,C,25,765,,,,,,,other,CAST,8.1,,
M,CR,,,,T,25,143,400,65,,,,,other,WROUGHT,7.6,,
M,CR + A,,,,T,25,471,850,45,,,,,other,WROUGHT,7.6,,
M,CR + A,,,,T,25,841,1050,35,,,,,other,WROUGHT,7.6,,
M,CR + A,,,,T,25,161,1650,7,,,,,other,WROUGHT,7.6,,
M,CR + A,,,,T,25,187,1850,5,,,,,other,WROUGHT,7.6,,
M,AC,,,1183,C,25,1750,,16.7,,,,,other,CAST,6.4,,
S,CR + A,7.9,,,T,25,378.7,700.1,54,,,,,FCC,WROUGHT,8,220,220
M,CR + A,4.7,,,T,25,520.9,791.4,40.3,,,,,FCC,WROUGHT,7.6,,
M,CR + A,3.5,,,T,25,643.8,887.6,31.9,,,,,FCC,WROUGHT,7.3,,
S,CR,,,,T,25,,,8,,,,,FCC,WROUGHT,8.6,231,231
S,CR + A,0.7,,,T,25,,,14,,,,,FCC,WROUGHT,8.6,231,231
S,CR + A,0.8,,,T,25,1100,1300,32,,,,,FCC,WROUGHT,8.6,231,231
S,CR + A,1.2,,,T,25,950,,36,,,,,FCC,WROUGHT,8.6,231,231
S,CR + A,3.2,,,T,25,649,,42,,,,,FCC,WROUGHT,8.6,231,231
S,CR + A,18.2,,,T,25,439,,63,,,,,FCC,WROUGHT,8.6,231,231
S,CR + A,94.1,,,T,25,309,,82,,,,,FCC,WROUGHT,8.6,231,231
S,CR + A,,,,T,25,386.2,666.3,57.5,,,,,FCC,WROUGHT,8,220,220
M,AC,,,,T,25,628,950,14.5,,,,,other,CAST,8.1,,
M,A,,,,T,25,545,690,5,,,,,other,ANNEAL,8.1,,
M,A,,,,T,25,534,682,5.2,,,,,other,ANNEAL,8.1,,
M,A,,,,T,25,525,680,4.3,,,,,other,ANNEAL,8.1,,
M,A,,,,T,25,517,677,4.6,,,,,other,ANNEAL,8.1,,
M,A,,,,T,25,502,671,4.9,,,,,other,ANNEAL,8.1,,
M,SPS,0.54,,1072,C,25,,,,,,,,other,POWDER,11.7,,
M,SPS,1.24,,1010,C,25,3416,,,5.3,,,,other,POWDER,11.7,,
M,SPS,5.01,,991.3,C,25,3410,,,2,,,,other,POWDER,11.7,,
M,SPS,10.8,,988.3,C,25,3338,,,1.9,,,,other,POWDER,11.7,,
,AC,,,704.6,C,25,,,,,,,,other,CAST,11.7,,
M,AC,,,160,,,,,,,,,,other,CAST,8.3,,
S,AC,,,160,,,,,,,,,,FCC,CAST,7.6,189,189
M,AC,,,458,,,,,,,,,,other,CAST,7.1,,
M,AC,,,498,,,,,,,,,,other,CAST,6.6,,
M,AC,,,560,,,,,,,,,,other,CAST,6.3,,
,CR+A,2,,,T,25,991,1359,38,,,,,other,WROUGHT,7.8,,
S,CR+A,5.6,,,T,25,767,1224,46,,,,,other,WROUGHT,7.8,,
,CR+A,18.7,,,T,25,602,1123,51,,,,,other,WROUGHT,7.8,,
,CR+A,27.8,,,T,25,517,1049,55,,,,,other,WROUGHT,7.8,,
,CR+A,122.2,,,T,25,461,886,58,,,,,other,WROUGHT,7.8,,
M,CR+A,,,,T,25,840,1039,32,,,,,other,WROUGHT,7.6,,
M,CR+A,,,,T,25,159,410,65,,,,,FCC,WROUGHT,7.6,210,210
M,AC,,,,C,25,1202,,32.6,,,,,other,CAST,7,,
S,CR+A,,,,,,,,,,,,,BCC,WROUGHT,9.9,107,107
S,CR+A,14.9,,,T,25,214,612,77.3,,,,,FCC,WROUGHT,8.2,219,219
S,CR+A,11.6,,,T,25,241,721,96.2,,,,,FCC,WROUGHT,8.3,220,220
S,CR+A,10.5,,,T,25,299,841,76.1,,,,,FCC,WROUGHT,8.3,222,222
M,CR+A,5.6,,,T,25,392,746,20.3,,,,,other,WROUGHT,8.3,,
M,CR+A,6.2,,,T,25,482,857,13.3,,,,,other,WROUGHT,8.4,,
S,CR+A,,,,,,,,,,,69.7,,BCC,WROUGHT,8.4,89,89
,,,,,,,,,,,,202,,other,,8,,202
,,,,,,,,,,,,202.2,,other,,8,,202.2
,,,,,,,,,,,,204,,other,,8.2,,204
,,,,,,,,,,,,174,,other,,8.5,,174
,,,,,,,,,,,,222,,other,,8.3,,222
,,,,,,,,,,,,229,,other,,8.3,,229
,,,,,,,,,,,,234,,other,,8.3,,234
,,,,699,,,,,,,,,,other,,5.7,,
,,,,728,,,,,,,,,,other,,5.1,,
,,,,604,,,,,,,,,,other,,5.6,,
,,,,790,,,,,,,,,,other,,5.6,,
,,,,806,,,,,,,,,,other,,5.3,,
,,,,811,,,,,,,,,,other,,5.1,,
,,,,855,,,,,,,,,,other,,5.3,,
,,,,802,,,,,,,,,,other,,5.4,,
,,,,799,,,,,,,,,,other,,5.1,,
,,,,857,,,,,,,,,,other,,5.3,,
,,,,855,,,,,,,,,,other,,5.1,,
,,,,816,,,,,,,,,,other,,5.3,,
,,,,811,,,,,,,,,,other,,5.1,,
,,,,790,,,,,,,,,,other,,5.2,,
,,,,855,,,,,,,,,,other,,5.2,,
,,,,856,,,,,,,,,,other,,5.2,,
,,,,859,,,,,,,,,,other,,5.1,,
,,,,875,,,,,,,,,,other,,5.3,,
,,,,865,,,,,,,,,,other,,5.3,,
,,,,868,,,,,,,,,,other,,5.3,,
,,,,863,,,,,,,,,,other,,5.3,,
,,,,843,,,,,,,,,,other,,5,,
,,,,794,,,,,,,,,,other,,5.3,,
,,,,783,,,,,,,,,,other,,5.2,,
,,,,797,,,,,,,,,,other,,5,,
,,,,805,,,,,,,,,,other,,5,,
,,,,699,,,,,,,,,,other,,6,,
,,,,749,,,,,,,,,,other,,5.1,,
,,,,828,,,,,,,,,,other,,5.3,,
,,,,849,,,,,,,,,,other,,5.1,,
M,,,,883,,,,,,,,,,other,,5.1,,
,,,,864,,,,,,,,,,other,,5.3,,
,,,,841,,,,,,,,,,other,,5.1,,
,,,,868,,,,,,,,,,other,,5.3,,
,,,,865,,,,,,,,,,other,,5.3,,
,,,,840,,,,,,,,,,other,,5.2,,
,,,,882,,,,,,,,,,other,,5.3,,
M,,,,883,,,,,,,,,,other,,5.3,,
,,,,828,,,,,,,,,,other,,5.3,,
,,,,848,,,,,,,,,,other,,5.2,,
,,,,878,,,,,,,,,,other,,5.1,,
,,,,782,,,,,,,,,,other,,5.3,,
S,CR+A,,,,T,25,1290,1415,1.1,,,,,BCC,WROUGHT,8,220,
M,CR+A,1.3,,,T,25,1135,1260,1.8,,,,,other,WROUGHT,8,,
M,CR+A,2,,,T,25,585,815,31.7,,,,,other,WROUGHT,8,,
M,CR+A,3.6,,,T,25,425,735,40.2,,,,,other,WROUGHT,8,,
S,CR+A,17.1,,,T,25,270,630,46.2,,,,,FCC,WROUGHT,8,220,
,CR,0.07,,,T,25,1120,1175,1.5,,,,,other,WROUGHT,8,,
S,HIP+A,,,,C,23,1841,,,,,,9.08,BCC,OTHER,9.1,107,
S,A,,,,C,23,1100,,,,,,5.98,BCC,ANNEAL,6,189,
S,A,,,,C,23,1100,,,,,,6.46,BCC,ANNEAL,6.5,151,
S,AC,,,,C,23,1260,,,,,,8.96,BCC,CAST,9,126,
S,AC,,,,C,23,1512,,,,,,9.93,BCC,CAST,9.9,137,
S,AC,,,,C,23,1575,,,,,,8.68,BCC,CAST,8.7,128,
S,AC,,,,C,23,1600,,,,,,10.18,BCC,CAST,10.2,143,
S,HIP+A,,,,C,23,929,,,,,,9.89,BCC,OTHER,9.9,107,
S,AC,,,,C,23,1515,,,,,,10.91,BCC,CAST,11,209,
S,AC,,,,C,23,1343,,,,,,11.72,BCC,CAST,11.8,222,
S,HIP+A,,,,C,23,1246,,,,,,12.29,BCC,OTHER,12.4,229,
S,HIP+A,,,,C,23,996,,,,,,13.6,BCC,OTHER,13.7,250,
S,HIP+A,,,,C,23,1100,,,,,,7.67,BCC,OTHER,7.7,177,
S,HIP+A,,,,C,23,882,,,,,,7.81,BCC,OTHER,7.4,101,
S,HIP+A,,,,C,23,975,,,,,,6.63,BCC,OTHER,6.5,94,
M,A,,,,C,23,1010,,,,,,6.56,other,ANNEAL,6.6,,
M,HIP+A,,,,C,23,1240,,,,,,6.34,other,OTHER,6.3,,
M,HIP+A,,,,C,23,2000,,,,,,7.14,other,OTHER,7.1,,
M,HIP+A,,,,C,23,1576,,,,,,6.56,other,OTHER,6.8,,
M,HIP+A,,,,C,23,1595,,,,,,7.98,other,OTHER,8,,
M,AC,,,,C,23,1617,,,,,,8.46,other,CAST,8.5,,
M,AC,,,,C,23,1787,,,,,,8.16,other,CAST,8.2,,
M,AC,,,,C,23,2134,,,,,,7.89,other,CAST,7.9,,
M,HIP+A,,,,C,23,1706,,,,,,7.27,other,OTHER,7.1,,
M,HIP+A,,,,C,23,1244,,,,,,7.81,other,OTHER,7.5,,
M,HIP+A,,,,C,23,1395,,,,,,8.43,other,OTHER,8.5,,
S,HIP+A,,,,C,1000,298,,,,,,9.08,BCC,OTHER,9.1,107,
S,A,,,,C,1000,375,,,,,,5.98,BCC,ANNEAL,6,189,
S,A,,,,C,1000,540,,,,,,6.46,BCC,ANNEAL,6.5,151,
S,AC,,,,C,1000,368,,,,,,8.96,BCC,CAST,9,126,
S,AC,,,,C,1000,814,,,,,,9.93,BCC,CAST,9.9,137,
S,AC,,,,C,1000,635,,,,,,8.68,BCC,CAST,8.7,128,
S,AC,,,,C,1000,855,,,,,,10.18,BCC,CAST,10.2,143,
S,HIP+A,,,,C,1000,295,,,,,,9.89,BCC,OTHER,9.9,107,
S,AC,,,,C,1000,753,,,,,,10.91,BCC,CAST,11,209,
S,AC,,,,C,1000,620,,,,,,11.72,BCC,CAST,11.8,222,
S,HIP+A,,,,C,1000,842,,,,,,12.29,BCC,OTHER,12.4,229,
S,HIP+A,,,,C,1000,548,,,,,,13.6,BCC,OTHER,13.7,250,
S,HIP+A,,,,C,1000,504,,,,,,7.67,BCC,OTHER,7.7,177,
S,HIP+A,,,,C,1000,274,,,,,,7.81,BCC,OTHER,7.4,101,
S,HIP+A,,,,C,1000,141,,,,,,6.63,BCC,OTHER,6.5,94,
M,A,,,,C,1000,550,,,,,,6.56,other,ANNEAL,6.6,,
M,HIP+A,,,,C,1000,82,,,,,,6.34,other,OTHER,6.3,,
M,HIP+A,,,,C,1000,745,,,,,,7.14,other,OTHER,7.1,,
M,HIP+A,,,,C,1000,139,,,,,,6.56,other,OTHER,6.8,,
M,HIP+A,,,,C,1000,546,,,,,,7.98,other,OTHER,8,,
M,AC,,,,C,1000,398,,,,,,8.46,other,CAST,8.5,,
M,AC,,,,C,1000,614,,,,,,8.16,other,CAST,8.2,,
M,AC,,,,C,1000,673,,,,,,7.89,other,CAST,7.9,,
M,HIP+A,,,,C,1000,467,,,,,,7.27,other,OTHER,7.1,,
M,HIP+A,,,,C,1000,323,,,,,,7.81,other,OTHER,7.5,,
M,HIP+A,,,,C,1000,190,,,,,,8.43,other,OTHER,8.5,,
S,HIP+A,,,,C,1200,89,,,,,,9.08,BCC,OTHER,9.1,107,107
S,A,,,,C,1200,100,,,,,,5.98,BCC,ANNEAL,6,189,189
S,A,,,,C,1200,200,,,,,,6.46,BCC,ANNEAL,6.5,151,151
S,AC,,,,C,1200,60,,,,,,8.96,BCC,CAST,9,126,126
S,AC,,,,C,1200,556,,,,,,9.93,BCC,CAST,9.9,137,137
S,AC,,,,C,1200,187,,,,,,8.68,BCC,CAST,8.7,128,128
S,AC,,,,C,1200,404,,,,,,10.18,BCC,CAST,10.2,143,143
S,HIP+A,,,,C,1200,92,,,,,,9.89,BCC,OTHER,9.9,107,107
S,AC,,,,C,1200,659,,,,,,10.91,BCC,CAST,11,209,209
S,AC,,,,C,1200,586,,,,,,11.72,BCC,CAST,11.8,222,222
S,HIP+A,,,,C,1200,735,,,,,,12.29,BCC,OTHER,12.4,229,229
S,HIP+A,,,,C,1200,506,,,,,,13.6,BCC,OTHER,13.7,250,250
S,HIP+A,,,,C,1200,324,,,,,,7.67,BCC,OTHER,7.7,177,177
S,HIP+A,,,,C,1200,102,,,,,,7.81,BCC,OTHER,7.4,101,101
S,HIP+A,,,,C,1200,61,,,,,,6.63,BCC,OTHER,6.5,94,94
M,A,,,,C,1200,105,,,,,,6.56,other,ANNEAL,6.6,,
M,HIP+A,,,,C,1200,24,,,,,,6.34,other,OTHER,6.3,,
M,HIP+A,,,,C,1200,250,,,,,,7.14,other,OTHER,7.1,,
M,HIP+A,,,,C,1200,32,,,,,,6.56,other,OTHER,6.8,,
M,HIP+A,,,,C,1200,170,,,,,,7.98,other,OTHER,8,,
M,AC,,,,C,1200,166,,,,,,8.46,other,CAST,8.5,,
M,AC,,,,C,1200,188,,,,,,8.16,other,CAST,8.2,,
M,AC,,,,C,1200,235,,,,,,7.89,other,CAST,7.9,,
M,HIP+A,,,,C,1200,116,,,,,,7.27,other,OTHER,7.1,,
M,HIP+A,,,,C,1200,89,,,,,,7.81,other,OTHER,7.5,,
M,HIP+A,,,,C,1200,78,,,,,,8.43,other,OTHER,8.5,,
S,HR + A,245.48,,,T,25,293.1,625.6,63,,,,7.753,FCC,WROUGHT,8,220,220
S,CR+A,40,,,T,25,985,1004,15.7,,,,,BCC,WROUGHT,9.9,107,107
S,CR+A,87,,,T,25,972,999.5,12.6,,,,,BCC,WROUGHT,9.9,107,107
S,CR+A,112,,,T,25,967,980.6,10.8,,,,,BCC,WROUGHT,9.9,107,107
S,CR,,,,T,25,,,15,,,,,FCC,WROUGHT,8.5,207,207
S,CR+A,42,,,T,25,276,540,51,,,,,FCC,WROUGHT,8.5,207,207
S,CR+A,74,,,T,25,217,498,47,,,,,FCC,WROUGHT,8.5,207,207
S,CR+A,90,,,T,25,201,430,44.5,,,,,FCC,WROUGHT,8.5,207,207
,A,16,,,T,-196,600,1247,68,,,,,other,ANNEAL,8.3,,
,A,16,,,T,24,400,800,60,,,,,other,ANNEAL,8.3,,
,A,16,,,T,-196,1215,1440,48,,,,,other,ANNEAL,8.3,,
M,SPS,0.075,,741,C,25,2680,,,,,,8.02,other,POWDER,8,,
S,AC,,,,C,25,1719,,,,,,8.68,BCC,CAST,8.7,128,128
S,CR + A,53.7,,,T,25,,,,,,161,,FCC,WROUGHT,8.5,207,207
S,CR + A,7.28,,,T,25,,,,,,219,,FCC,WROUGHT,8.8,207,207
S,CR + A,0.862,,,T,25,529,613,25,,,182,,FCC,WROUGHT,8.1,203,203
S,CR + A,0.894,,,T,25,522,601,25,,,182,,FCC,WROUGHT,8.1,203,203
S,CR + A,1.25,,,T,25,460,599,27,,,182,,FCC,WROUGHT,8.1,203,203
S,CR + A,1.75,,,T,25,407,536,26,,,182,,FCC,WROUGHT,8.1,203,203
S,CR + A,2.26,,,T,25,372,542,31,,,182,,FCC,WROUGHT,8.1,203,203
S,CR + A,3.52,,,T,25,322,554,49,,,182,,FCC,WROUGHT,8.1,203,203
S,CR + A,1.43,,,T,25,333,569,40,,,190,,FCC,WROUGHT,8.4,202,202
S,CR + A,0.4,,,T,25,601,608,24,,,190,,FCC,WROUGHT,8.4,202,202
S,CR + A,1.58,,,T,25,321,566,50.5,,,190,,FCC,WROUGHT,8.4,202,202
S,CR + A,2.67,,,T,25,267,506,62.5,,,190,,FCC,WROUGHT,8.4,202,202
S,CR + A,0.212,,,T,25,745,824,36,,,223,,FCC,WROUGHT,8.7,213,213
S,CR + A,0.34,,,T,25,623,746,53,,,223,,FCC,WROUGHT,8.7,213,213
S,CR + A,1.46,,,T,25,387,626,73,,,223,,FCC,WROUGHT,8.7,213,213
S,CR + A,2.65,,,T,25,330,553,101,,,223,,FCC,WROUGHT,8.7,213,213
S,CR + A,0.295,,,T,25,631,732,39,,,210,,FCC,WROUGHT,8.2,226,226
S,CR + A,0.553,,,T,25,494,732,51,,,210,,FCC,WROUGHT,8.2,226,226
S,CR + A,0.72,,,T,25,448,672,65,,,210,,FCC,WROUGHT,8.2,226,226
S,CR + A,3.4,,,T,25,273,567,85,,,210,,FCC,WROUGHT,8.2,226,226
S,CR + A,32.2,,,T,25,172,504,105,,,210,,FCC,WROUGHT,8.2,226,226
S,CR + A,0.497,,,T,25,518,744,36,,,240,,FCC,WROUGHT,8.1,238,238
S,CR + A,0.848,,,T,25,462,703,46,,,240,,FCC,WROUGHT,8.1,238,238
S,CR + A,1.78,,,T,25,395,644,58,,,240,,FCC,WROUGHT,8.1,238,238
S,CR + A,1.98,,,T,25,356,588,64,,,240,,FCC,WROUGHT,8.1,238,238
M,SPS,,,672,C,25,,,,,,,,other,POWDER,5.7,,
M,SPS,,,666,C,25,,,,,,,,other,POWDER,5.5,,
M,SPS,,,667,C,25,,,,,,,,other,POWDER,6.1,,
M,SPS,,,434,,,,,,,,,,other,POWDER,6.8,,
M,SPS,,,666,,,,,,,,,,other,POWDER,6.8,,
M,SPS,,,761,,,,,,,,,,other,POWDER,6.8,,
M,SPS,,,747,,,,,,,,,,other,POWDER,6.8,,
M,SPS,,,,C,20,1511,,5,,,,,other,POWDER,6.8,,
M,SPS,,,,C,400,1366,,17,,,,,other,POWDER,6.8,,
M,SPS,,,,C,600,410,,35,,,,,other,POWDER,6.8,,
M,SPS,,,,C,800,48,,35,,,,,other,POWDER,6.8,,
S,AC,,,,T,25,210,,57,,,,,FCC,CAST,8,220,220
S,CR,,,,T,25,1150,,6,,,,,FCC,WROUGHT,8,220,220
S,CR + A,,,,T,25,1300,,2,,,,,FCC,WROUGHT,8,220,220
M,CR + A,4,,,T,25,1050,,8,,,,,FCC,WROUGHT,8,220,220
M,CR + A,8,,,T,25,560,,49,,,,,FCC,WROUGHT,8,220,220
S,CR + A,8,,,T,25,520,,47,,,,,FCC,WROUGHT,8,220,220
S,CR + A,10,,,T,25,320,,59,,,,,FCC,WROUGHT,8,220,220
S,CR + A,20,,,T,25,280,,62,,,,,FCC,WROUGHT,8,220,220
S,AC,,,,T,-196,419,,,34.6,,,,FCC,CAST,8.4,202,202
S,AC,,,,T,-70,350,,,28.8,,,,FCC,CAST,8.4,202,202
S,AC,,,,T,20,252,,,82.1,,,,FCC,CAST,8.4,202,202
S,AC,,,,T,600,214,,,189.2,,,,FCC,CAST,8.4,202,202
S,AC,,,,T,700,212,,,154.3,,,,FCC,CAST,8.4,202,202
S,AC,,,,T,800,187,,,119.5,,,,FCC,CAST,8.4,202,202
S,AC,,,132,C,300,,,,,,,,FCC,CAST,7.6,210,210
S,AC,,,147,C,340,,,,,,,,FCC,CAST,7.6,210,210
S,AC,,,165,C,430,,,,,,,,FCC,CAST,7.6,210,210
M,AC,204,,519,C,25,1631,,16,,,,,other,CAST,6.7,,
M,AC,185,,493,C,25,1209,,23,,,,,other,CAST,6.7,,
M,CR + A,4.4,,,T,25,443,840,61.6,,,,,other,WROUGHT,8.2,,
M,CR + A,3.2,,,T,25,711,1096,38.3,,,,,other,WROUGHT,8.2,,
M,CR + A,26.3,,,T,25,301,718,77.5,,,,,other,WROUGHT,8.2,,
M,CR + A,4.8,,,T,25,684,1078,48.1,,,,,other,WROUGHT,8.2,,
M,CR + A,70.1,,,T,25,261,673,86.6,,,,,other,WROUGHT,8.2,,
M,CR + A,5.4,,,T,25,506,933,59.3,,,,,other,WROUGHT,8.2,,
M,CR + A,136.5,,,T,25,231,638,87.2,,,,,other,WROUGHT,8.2,,
M,CR + A,120.6,,,T,25,296,693,63.2,,,,,other,WROUGHT,8.2,,
S,A,300,,,,,,,,,,,,FCC,ANNEAL,8,220,220
S,SPS,4.2,,,,,,,,,,,,FCC,POWDER,8,220,220
S,SPS,1.3,,,,,,,,,,,,FCC,POWDER,8,220,220
M,AC,,,,T,25,615,950,14,,,,,other,CAST,8.1,,
M,A,,,,,,,,,,,,,other,ANNEAL,8.1,,
M,A,,,,,,,,,,,,,other,ANNEAL,8.1,,
M,A,,,,,,,,,,,,,other,ANNEAL,8.1,,
M,A,,,,,,,,,,,,,other,ANNEAL,8.1,,
M,A,,,,,,,,,,,,,other,ANNEAL,8.1,,
M,A,,,,,,,,,,,,,other,ANNEAL,8.1,,
M,A,,,,,,,,,,,,,other,ANNEAL,8.1,,
M,A,,,,,,,,,,,,,other,ANNEAL,8.1,,
S,AC,,,473,C,25,896,,10.4,7.08,,,,BCC,CAST,13.7,298,298
M,AC,,,510,C,25,1074,,12.1,8.33,,,,other,CAST,13.5,,
M,AC,,,558,C,25,1144,,12.7,8.81,,,,other,CAST,13.4,,
M,AC,,,583,C,25,1202,,14.2,10.25,,,,other,CAST,13.3,,
M,AC,,,615,C,25,1241,,13.8,9.64,,,,other,CAST,13.3,,
S,A,,,,T,23,520,696,49,,,,,FCC,ANNEAL,7.4,185,185
S,A,,,,T,600,470,561,11,,,,,FCC,ANNEAL,7.4,185,185
S,A,,,,T,700,461,560,9,,,,,FCC,ANNEAL,7.4,185,185
S,A,,,,T,800,445,536,6,,,,,FCC,ANNEAL,7.4,185,185
S,A,,,,T,900,219,312,8,,,,,FCC,ANNEAL,7.4,185,185
S,DC + A,,,,T,23,627,1197,27,,,,,FCC,ANNEAL,7.4,185,185
S,DC + A,,,,T,600,594,1006,12,,,,,FCC,ANNEAL,7.4,185,185
S,DC + A,,,,T,700,547,840,17,,,,,FCC,ANNEAL,7.4,185,185
S,DC + A,,,,T,800,399,575,20,,,,,FCC,ANNEAL,7.4,185,185
S,DC + A,,,,T,900,243,319,34,,,,,FCC,ANNEAL,7.4,185,185
S,CR + A,8.7,,,T,25,401,717,49,,,,,FCC,WROUGHT,7.9,208,208
S,CR + A,10.4,,,T,25,350,690,50,,,,,FCC,WROUGHT,7.9,208,208
S,CR + A,11.2,,,T,25,312,660,51,,,,,FCC,WROUGHT,7.9,208,208
S,CR + A,48.2,,,T,25,240,610,53,,,,,FCC,WROUGHT,7.9,208,208
S,CR + A,82.7,,,T,25,210,593,52,,,,,FCC,WROUGHT,7.9,208,208
M,SPS,,,410.9,T,25,,,,,,184,7.5,other,POWDER,8,,184
M,AC,80.67,,581.7,C,25,1241,,9.98,,,,,other,CAST,5.9,,
M,AC,66.93,,605.5,C,25,1324,,10.02,,,,,other,CAST,5.9,,
M,AC,56.27,,641.7,C,25,1566,,11.85,,,,,other,CAST,6.1,,
M,AC,49.95,,639.6,C,25,1503,,7.73,,,,,other,CAST,6.2,,
M,AC,30.49,,703,C,25,1448,,6.18,,,,,other,CAST,6.2,,
M,AC,22.03,,856.9,C,25,1272,,3.15,,,,,other,CAST,6.3,,
,,,,,C,25,1300,,24.2,,,,,other,,6.7,,
,,,,,C,25,968,,30.1,,,,,other,,6.8,,
,,,,,C,25,1100,,27.5,,,,,other,,6.9,,
,,,,,C,25,1060,,19.1,,,,,other,,7,,
,,,,,C,25,1285,,24.6,,,,,other,,7.1,,
,,,,,C,25,1612,,12.8,,,,,other,,6.5,,
,,,,,C,25,1523,,8.1,,,,,other,,6.6,,
,,,,,C,25,1271,,14,,,,,other,,6.3,,
,,,,,C,25,1363,,19,,,,,other,,6.4,,
,,,,,C,25,1349,,20,,,,,other,,6.5,,
,,,,,C,25,1331,,20,,,,,other,,6.6,,
,,,,,C,25,1313,,19,,,,,other,,6.7,,
,,,,,C,25,338,,4.3,,,,,other,,7.8,,
M,GA+A,,,,,,,,,,,,,other,POWDER,6.7,,
M,GA+A,,,,,,,,,,,,,other,POWDER,6.7,,
M,GA+A,,,,,,,,,,,,,other,POWDER,6.7,,
M,GA+A,,,,,,,,,,,,,other,POWDER,6.7,,
M,GA+A,,,,,,,,,,,,,other,POWDER,6.7,,
M,AC,29.4,,,C,25,1550,,26.3,,,,,other,CAST,11.2,,
M,AC,31.7,,,C,25,1637,,15.5,,,,,other,CAST,11.1,,
M,AC,,,,C,800,577,,35,,,,,other,CAST,11.2,,
M,AC,,,,C,800,1065,,35,,,,,other,CAST,11.1,,
M,AC,,,,C,1000,409,,35,,,,,other,CAST,11.2,,
M,AC,,,,C,1000,736,,35,,,,,other,CAST,11.1,,
M,AC,,,,C,1200,345,,35,,,,,other,CAST,11.2,,
M,AC,,,,C,1200,703,,35,,,,,other,CAST,11.1,,
S,AC,,,372,C,25,1223,,48,,,,,BCC,CAST,6.5,94,94
S,AC,,,351,C,25,1000,,52,,,,,BCC,CAST,8.4,89,89
S,A,300,,,,,,,,,,,,BCC,ANNEAL,6.5,94,94
S,A,50,,,,,,,,,,,,BCC,ANNEAL,8.4,89,89
S,AC,,,,C,800,462,,51,,,,,BCC,CAST,6.5,94,94
S,AC,,,,C,800,303,,51,,,,,BCC,CAST,8.4,89,89
S,AC,,,,C,1000,218,,51,,,,,BCC,CAST,6.5,94,94
S,AC,,,,C,1000,154,,51,,,,,BCC,CAST,8.4,89,89
S,AC,,,168.9,C,25,163,,80,,,,,FCC,CAST,8.2,226,226
S,AC,,,244,C,25,335,,52,,,,,FCC,CAST,8.9,238,238
M,AC,,,357.9,C,25,556,,35.6,,,,,other,CAST,9.8,,
M,AC,,,826,C,25,2663,,2.7,,,,,other,CAST,8.1,,
M,AC,,,792,C,25,1647,,0.9,,,,,other,CAST,7.6,,
M,AC,,,699,C,25,1707,,1.7,,,,,other,CAST,7.4,,
S,CR + A,,,107,T,25,62,169,98,,,16.6,,FCC,WROUGHT,7.8,200,200
M,CR + A,,,209,T,25,350,642,73,,,47,,other,WROUGHT,7.8,,
M,CR + A,,,321,T,25,535,904,39,,,35.2,,other,WROUGHT,7.8,,
M,CR + A,,,159,T,25,255,584,88,,,51.4,,other,WROUGHT,7.8,,
S,CR + A,60,,,,20,,,,,,88.9,,BCC,WROUGHT,9.9,107,107
S,CR + A,,,,,40,,,,,,88.6,,BCC,WROUGHT,9.9,107,107
S,CR + A,,,,,60,,,,,,88.4,,BCC,WROUGHT,9.9,107,107
S,CR + A,,,,,80,,,,,,88.1,,BCC,WROUGHT,9.9,107,107
S,CR + A,,,,,100,,,,,,87.9,,BCC,WROUGHT,9.9,107,107
S,CR + A,,,,,120,,,,,,87.7,,BCC,WROUGHT,9.9,107,107
S,CR + A,,,,,140,,,,,,87.5,,BCC,WROUGHT,9.9,107,107
S,CR + A,,,,,160,,,,,,87.3,,BCC,WROUGHT,9.9,107,107
S,CR + A,,,,,180,,,,,,87.1,,BCC,WROUGHT,9.9,107,107
S,CR + A,,,,,200,,,,,,86.9,,BCC,WROUGHT,9.9,107,107
S,CR + A,,,,,220,,,,,,86.7,,BCC,WROUGHT,9.9,107,107
S,CR + A,,,,,240,,,,,,86.5,,BCC,WROUGHT,9.9,107,107
S,CR + A,,,,,260,,,,,,86.3,,BCC,WROUGHT,9.9,107,107
S,CR + A,,,,,280,,,,,,86.1,,BCC,WROUGHT,9.9,107,107
S,CR + A,,,,,300,,,,,,85.8,,BCC,WROUGHT,9.9,107,107
S,CR + A,,,,,320,,,,,,85.5,,BCC,WROUGHT,9.9,107,107
S,CR + A,,,,,340,,,,,,85.2,,BCC,WROUGHT,9.9,107,107
S,CR + A,,,,,360,,,,,,84.9,,BCC,WROUGHT,9.9,107,107
S,CR + A,,,,,380,,,,,,84.5,,BCC,WROUGHT,9.9,107,107
S,CR + A,,,,,400,,,,,,84.2,,BCC,WROUGHT,9.9,107,107
S,CR + A,,,,,420,,,,,,83.8,,BCC,WROUGHT,9.9,107,107
S,CR + A,,,,,440,,,,,,83.5,,BCC,WROUGHT,9.9,107,107
S,CR + A,,,,,460,,,,,,83.1,,BCC,WROUGHT,9.9,107,107
S,CR + A,,,,,480,,,,,,82.7,,BCC,WROUGHT,9.9,107,107
S,CR + A,,,,,500,,,,,,82.3,,BCC,WROUGHT,9.9,107,107
S,CR + A,,,,,520,,,,,,81.9,,BCC,WROUGHT,9.9,107,107
S,CR + A,,,,,540,,,,,,81.6,,BCC,WROUGHT,9.9,107,107
S,CR + A,,,,,560,,,,,,81.3,,BCC,WROUGHT,9.9,107,107
S,CR + A,,,,,580,,,,,,81,,BCC,WROUGHT,9.9,107,107
S,CR + A,,,,,600,,,,,,80.7,,BCC,WROUGHT,9.9,107,107
S,CR + A,,,,,620,,,,,,80.4,,BCC,WROUGHT,9.9,107,107
S,CR + A,,,,,640,,,,,,80.2,,BCC,WROUGHT,9.9,107,107
S,CR + A,,,,,660,,,,,,80,,BCC,WROUGHT,9.9,107,107
S,CR + A,,,,,680,,,,,,79.8,,BCC,WROUGHT,9.9,107,107
S,CR + A,,,,,700,,,,,,79.6,,BCC,WROUGHT,9.9,107,107
S,CR + A,,,,,720,,,,,,79.3,,BCC,WROUGHT,9.9,107,107
S,CR + A,,,,,740,,,,,,79,,BCC,WROUGHT,9.9,107,107
S,CR + A,,,,,760,,,,,,78.7,,BCC,WROUGHT,9.9,107,107
S,CR + A,,,,,780,,,,,,78.4,,BCC,WROUGHT,9.9,107,107
S,CR + A,,,,,800,,,,,,78.1,,BCC,WROUGHT,9.9,107,107
S,CR + A,,,,,820,,,,,,77.7,,BCC,WROUGHT,9.9,107,107
S,CR + A,,,,,840,,,,,,77.4,,BCC,WROUGHT,9.9,107,107
S,A + HR,90,,263,T,25,540,772,60,,,,,FCC,WROUGHT,7.8,214,214
S,HR + A,216,,185,,,,,,,,,,FCC,WROUGHT,7.8,214,214
S,HR + A,263,,197,,,,,,,,,,FCC,WROUGHT,7.8,213,213
S,A + HR,90,,308,T,25,586,875,46,,,,,FCC,WROUGHT,7.8,213,213
S,A + HR,90,,335,T,25,672,982,37,,,,,FCC,WROUGHT,7.8,212,212
S,HR + A,324,,204,,,,,,,,,,FCC,WROUGHT,7.8,212,212
S,CR + A ,,,,C,20,573,,,,,,,BCC,WROUGHT,10,136,136
S,CR + A ,,,,C,100,486,,,,,,,BCC,WROUGHT,10,136,136
S,CR + A ,,,,C,200,378,,,,,,,BCC,WROUGHT,10,136,136
S,CR + A ,,,,C,300,314,,,,,,,BCC,WROUGHT,10,136,136
S,CR + A ,,,,C,400,232,,,,,,,BCC,WROUGHT,10,136,136
S,CR + A ,,,,C,600,222,,,,,,,BCC,WROUGHT,10,136,136
S,CR + A ,,,,C,800,210,,,,,,,BCC,WROUGHT,10,136,136
S,CR + A ,,,,C,1000,160,,,,,,,BCC,WROUGHT,10,136,136
S,AC,,,,C,20,1152,,,,,,,BCC,CAST,8.2,120,120
S,AC,,,,C,200,740,,,,,,,BCC,CAST,8.2,120,120
S,AC,,,,C,100,740,,,,,,,BCC,CAST,8.2,120,120
S,A,,,,C,20,1210,,,,,,,BCC,ANNEAL,10,179,179
S,A,,,,C,60,1071,,,,,,,BCC,ANNEAL,10,179,179
S,A,,,,C,100,1029,,,,,,,BCC,ANNEAL,10,179,179
S,A,,,,C,200,868,,,,,,,BCC,ANNEAL,10,179,179
S,A,,,,C,300,732,,,,,,,BCC,ANNEAL,10,179,179
S,A,,,,C,400,685,,,,,,,BCC,ANNEAL,10,179,179
S,A,,,,C,600,593,,,,,,,BCC,ANNEAL,10,179,179
S,A,,,,C,800,564,,,,,,,BCC,ANNEAL,10,179,179
S,A,,,,C,1000,539,,,,,,,BCC,ANNEAL,10,179,179
S,A,,,,C,20,1054,,,,,,,BCC,ANNEAL,12.1,198,198
S,A,,,,C,100,968,,,,,,,BCC,ANNEAL,12.1,198,198
S,A,,,,C,200,869,,,,,,,BCC,ANNEAL,12.1,198,198
S,A,,,,C,300,754,,,,,,,BCC,ANNEAL,12.1,198,198
S,A,,,,C,400,627,,,,,,,BCC,ANNEAL,12.1,198,198
S,A,,,,C,600,596,,,,,,,BCC,ANNEAL,12.1,198,198
S,A,,,,C,800,564,,,,,,,BCC,ANNEAL,12.1,198,198
S,A,,,,C,1000,459,,,,,,,BCC,ANNEAL,12.1,198,198
S,A,,,,C,20,860,,,,,,,BCC,ANNEAL,10.9,119,119
S,A,,,,C,20,834,,,,,,,BCC,ANNEAL,10.9,119,119
S,A,,,,C,200,610,,,,,,,BCC,ANNEAL,10.9,119,119
S,A,,,,C,600,473,,,,,,,BCC,ANNEAL,10.9,119,119
S,A,,,,C,20,1630,,,,,,,BCC,ANNEAL,7.6,196,196
S,A,,,,C,200,1268,,,,,,,BCC,ANNEAL,7.6,196,196
S,A,,,,C,400,1115,,,,,,,BCC,ANNEAL,7.6,196,196
S,A,,,,C,600,1062,,,,,,,BCC,ANNEAL,7.6,196,196
S,A,,,,C,800,1058,,,,,,,BCC,ANNEAL,7.6,196,196
M,A,,,,C,20,1795,,,,,,,other,ANNEAL,9.9,,
M,A,,,,C,100,1506,,,,,,,other,ANNEAL,9.9,,
M,A,,,,C,200,1266,,,,,,,other,ANNEAL,9.9,,
M,A,,,,C,300,1183,,,,,,,other,ANNEAL,9.9,,
M,A,,,,C,400,1175,,,,,,,other,ANNEAL,9.9,,
M,A,,,,C,600,1162,,,,,,,other,ANNEAL,9.9,,
M,A,,,,C,800,1162,,,,,,,other,ANNEAL,9.9,,
M,A,,,,C,1000,1159,,,,,,,other,ANNEAL,9.9,,
S,AC,,,338.3,C,25,1160,,50,,,,,BCC,CAST,6.5,100,100
S,AC,,,338.3,C,600,405,,50,,,,,BCC,CAST,6.5,100,100
S,AC,,,338.3,C,800,85,,50,,,,,BCC,CAST,6.5,100,100
S,AC,,,332.4,C,25,1115,,50,,,,,BCC,CAST,6.6,100,100
S,AC,,,322.5,C,25,1065,,50,,,,,BCC,CAST,6.7,100,100
S,AC,,,322.5,C,600,718,,50,,,,,BCC,CAST,6.7,100,100
S,AC,,,322.5,C,800,135,,50,,,,,BCC,CAST,6.7,100,100
S,AC,,,318.9,C,25,1025,,50,,,,,BCC,CAST,6.8,100,100
S,AC,,,310.4,C,25,980,,50,,,,,BCC,CAST,6.9,101,101
S,AC,,,310.4,C,600,859,,50,,,,,BCC,CAST,6.9,101,101
S,AC,,,310.4,C,800,195,,50,,,,,BCC,CAST,6.9,101,101
M,CR,,,398,T,25,1190,1300,4.3,,,,,other,WROUGHT,8.1,,
M,CR + A,1.4,,367,T,25,1170,1270,10.7,,,,,other,WROUGHT,8.1,,
M,CR + A,1.5,,312,T,25,1030,1190,11.4,,,,,other,WROUGHT,8.1,,
M,CR + A,1.9,,271,T,25,970,1110,12.1,,,,,other,WROUGHT,8.1,,
M,CR + A,2.2,,183,T,25,850,960,14.3,,,,,other,WROUGHT,8.1,,
M,CR + A,6.5,,162,T,25,470,640,34.8,,,,,other,WROUGHT,8.1,,
M,AC,,,,T,25,170,537,32,,,,,other,CAST,8.3,,
M,AC,,,,T,25,640,840,7,,,,,other,CAST,8.4,,
M,A,,,,T,25,560,860,19,,,,,other,ANNEAL,8.3,,
M,A,,,,T,25,,,3,,,,,other,ANNEAL,8.4,,
M,A,,,345,C,800,,,,,,,,other,ANNEAL,8,,
M,A,,,285,C,1000,,,,,,,,other,ANNEAL,8,,
M,SPS,10.21,,550,C,25,1221.1,,30,23.2,,,,other,POWDER,6.7,,
M,SPS,15.68,,510,C,25,1186.7,,33,26.5,,,,other,POWDER,6.7,,
M,SPS,16.7,,503,C,25,1112.9,,30,21.4,,,,other,POWDER,6.7,,
M,SPS,,,,C,25,2500,,10,,,,,other,POWDER,9.9,,
M,SPS,,,,C,25,1260,,4.8,,,,,other,POWDER,9.9,,
M,SPS,,,,C,25,1630,,4.85,,,,,other,POWDER,9.9,,
M,SPS,,,,C,25,2030,,4.3,,,,,other,POWDER,9.9,,
M,SPS,,,,C,25,1920,,5,,,,,other,POWDER,9.9,,
M,SPS,,,,C,25,,,,,,,,other,POWDER,6.7,,
M,SPS,,,,C,25,,,,,,,,other,POWDER,6.7,,
M,SPS,,,,C,25,,,,,,,,other,POWDER,6.7,,
M,SPS,,,,C,25,,,,,,,,other,POWDER,6.7,,
M,SPS,,,,C,25,520,,,,,,,other,POWDER,6.7,,
M,SPS,,,,C,25,1150,,,,,,,other,POWDER,6.7,,
M,SPS,,,,C,25,1287,,,,,,,other,POWDER,6.7,,
M,SPS,,,,C,25,1286,,,,,,,other,POWDER,6.7,,
M,SPS,,,,C,25,1390,,,,,,,other,POWDER,6.7,,
M,SPS,,,,C,25,1626,,,,,,,other,POWDER,6.7,,
S,,,,,,,,,,,,,,FCC,,7.8,222,222
S,AC,,,,T,25,213,471,55.7,,,,,FCC,CAST,7.7,212,212
S,AC,,,,T,25,393,634,26.5,,,,,FCC,CAST,7.7,212,212
S,HF,,,,T,25,792,1055,22.6,,,,,FCC,WROUGHT,7.7,212,212
S,HR + A,18,,,T,25,559,1004,33.9,,,,,FCC,WROUGHT,7.7,212,212
S,HR + A,32,,,T,25,512,978,55.3,,,,,FCC,WROUGHT,7.7,212,212
S,HR + A,63,,,T,25,476,947,69.4,,,,,FCC,WROUGHT,7.7,212,212
S,CR + A,,,,T,25,353,635,,43,,,,FCC,WROUGHT,8,220,220
M,CR + A,,,,T,25,732,911,,32,,,,other,WROUGHT,8,,
M,HF,,,,C,25,1500,,6,,,,,other,WROUGHT,7.3,,
M,S,,,,,,,,,,,,,BCC,POWDER,7.3,102,102
M,HF + A,,,,C,25,1200,,8,,,,,other,WROUGHT,7.3,,
M,HF + A,,,,C,25,2100,,12,,,,,other,WROUGHT,7.3,,
M,HF + A,,,,C,25,1740,,20,,,,,other,WROUGHT,7.3,,
M,HF + A,,,,C,25,1630,,12,,,,,other,WROUGHT,7.3,,
S,SPS,,,504.5,C,25,1217,,7.5,3.8,,,,BCC,POWDER,13.7,250,250
M,SPS,,,567,C,25,1826,,16.5,10.5,,,,other,POWDER,12.9,,
M,SPS,,,697,C,25,1883,,11,5.8,,,,other,POWDER,12.2,,
M,SPS,,,682.6,C,25,2483,,6.2,1.6,,,,other,POWDER,11.6,,
S,SPS,,,420,,200,,,,,,,,BCC,POWDER,13.7,250,250
M,SPS,,,425,,200,,,,,,,,other,POWDER,12.9,,
M,SPS,,,535,,200,,,,,,,,other,POWDER,12.2,,
M,SPS,,,640,,200,,,,,,,,other,POWDER,11.6,,
S,SPS,,,425,,400,,,,,,,,BCC,POWDER,13.7,250,250
M,SPS,,,420,,400,,,,,,,,other,POWDER,12.9,,
M,SPS,,,560,,400,,,,,,,,other,POWDER,12.2,,
M,SPS,,,600,,400,,,,,,,,other,POWDER,11.6,,
S,SPS,,,340,,600,,,,,,,,BCC,POWDER,13.7,250,250
M,SPS,,,425,,600,,,,,,,,other,POWDER,12.9,,
M,SPS,,,540,,600,,,,,,,,other,POWDER,12.2,,
M,SPS,,,650,,600,,,,,,,,other,POWDER,11.6,,
S,SPS,,,335.5,,800,,,,,,,,BCC,POWDER,13.7,250,250
M,SPS,,,399.2,,800,,,,,,,,other,POWDER,12.9,,
M,SPS,,,550.5,,800,,,,,,,,other,POWDER,12.2,,
M,SPS,,,597.3,,800,,,,,,,,other,POWDER,11.6,,
M,SPS,,,,C,1200,960,,22.7,,,,,other,POWDER,11.6,,
S,CR,,,,T,25,1199.26,1335.35,4.37,,,,,FCC,WROUGHT,8,220,220
S,CR + A,,,,T,25,1269.23,1366.3,1.16,,,,,FCC,WROUGHT,8,220,220
S,CR + A,,,,T,25,1371.21,1402.83,1.58,,,,,FCC,WROUGHT,8,220,220
S,CR + A,0.166,,,T,25,1362.74,1471.05,3.15,,,,,FCC,WROUGHT,8,220,220
S,CR + A,0.248,,,T,25,1241.81,1325.25,4.31,,,,,FCC,WROUGHT,8,220,220
S,CR + A,0.468,,,T,25,930.3,1021.32,19.01,,,,,FCC,WROUGHT,8,220,220
S,CR + A,1.79,,,T,25,729.21,901.74,26.3,,,,,FCC,WROUGHT,8,220,220
S,CR + A,4.57,,,T,25,494.82,735.6,38.7,,,,,FCC,WROUGHT,8,220,220
S,CR + A,13.45,,,T,25,366.88,673.25,42.55,,,,,FCC,WROUGHT,8,220,220
S,CR + A,22.37,,,T,25,290.65,618.51,43.15,,,,,FCC,WROUGHT,8,220,220
S,CR + A,30.6,,,T,25,258.76,598.75,45.05,,,,,FCC,WROUGHT,8,220,220
M,VHP,,,457,C,25,1616,,,4.5,,,7.5,other,POWDER,7.8,,
M,VHP,,,461,C,25,1652,,,10,,,7.64,other,POWDER,7.8,,
M,VHP,,,428,C,25,1490,,,11.4,,,7.66,other,POWDER,7.8,,
M,VHP,,,378,C,25,1194,,,20.1,,,7.69,other,POWDER,7.8,,
S,,,,,,,,,,,,,,FCC,,8.2,226,226
M,,,,250,,,,,,,,,,other,,7.3,,
S,,,,500,,,,,,,,,,BCC,,6.7,184,184
S,,,,733,,,,,,,,,,BCC,,5.9,160,160
M,,,,733,,,,,,,,,,other,,6.9,,
M,,,,640,,,,,,,,,,other,,6.9,,
,,,,,,,,,,,,,,other,,7.4,,
M,,,,385,,,,,,,,,,other,,7.8,,
M,,,,486,,,,,,,,,,other,,8.3,,
M,,,,570,,,,,,,,,,other,,8.6,,
M,,,,,,,,,,,,,,other,,8,,
M,,,,200,,,,,,,,,,other,,8.5,,
M,,,,290,,,,,,,,,,other,,9,,
M,,,,345,,,,,,,,,,other,,9.4,,
S,,,,160,,,,,,,,,,FCC,,7.6,210,210
S,,,,200,,,,,,,,,,FCC,,7.7,214,214
S,AC,,,,T,25,280,556,48,48.2,,,,FCC,CAST,7.5,204,204
S,CR,,,,T,25,320,625,42.2,42.45,,,,FCC,WROUGHT,7.2,195,195
S,AC,,,,T,25,1253,1392,6.78,8.2,,,,FCC,CAST,7.5,204,204
S,CR,,,,T,25,1400,1500,5.83,7.85,,,,FCC,WROUGHT,7.2,195,195
S,AC,,,,,800,,,,,,,,FCC,CAST,8.4,189,189
S,AC,,,,,900,,,,,,,,FCC,CAST,8.4,189,189
S,AC,,,,,100,,,,,,,,FCC,CAST,8.4,189,189
S,AC,,,,T,25,489,895,,53.6,,,,FCC,CAST,8.3,231,231
,CR+A,,,,T,25,873,,,23.4,,,,other,WROUGHT,8.3,,
,CR+A,,,,T,25,952,1122,,14.2,,,,other,WROUGHT,8.3,,
S,CR+A,,,,T,25,1136,1245,,8.7,,,,FCC,WROUGHT,8.3,231,231
S,CR+A,,,,T,25,1301,1493,,7.2,,,,FCC,WROUGHT,8.3,231,231
,CR+A,,,,T,25,1311,1421,,5.9,,,,other,WROUGHT,8.3,,
,CR+A,,,,T,25,1273,1458,,5.5,,,,other,WROUGHT,8.3,,
M,CR+A,,,142.5,T,25,777,810,3.4,,,,,other,WROUGHT,7.6,,
M,CR+A,,,147.4,,,,,,,,,,other,WROUGHT,7.6,,
M,CR+A,,,155.2,,,,,,,,,,other,WROUGHT,7.6,,
,AC,,,1084,,25,,,,,,,,other,CAST,7.2,,
,AC,,,1011,,25,,,,,,,,other,CAST,8.8,,
,AC,,,725,,25,,,,,,,,other,CAST,8,,
,AC,,,815,,25,,,,,,,,other,CAST,9.5,,
,AC,,,422,,25,,,,,,,,other,CAST,6.4,,
,AC,,,856,,25,,,,,,,,other,CAST,6.9,,
,AC,,,277,,25,,,,,,,,other,CAST,7.7,,
M,AC,,,430.9,C,25,929,,13.7,,,,,other,CAST,6.9,,
M,AC,,,420,C,25,1021,,12.3,,,,,other,CAST,7,,
M,AC,,,391.4,C,25,994,,24.5,,,,,other,CAST,7,,
M,AC,,,323.8,C,25,680,,35.9,,,,,other,CAST,7.2,,
M,AC,,,299.2,C,25,544,,,,,,,other,CAST,7.3,,
S,AC,,,279.6,C,25,268,,,,,,,FCC,CAST,7.5,167,167
M,AC,,,353,C,25,1091,,50,,,,,other,CAST,7.1,,
M,AC,,,361,C,25,1130,,53,,,,,other,CAST,6.9,,
M,AC,,,375,C,25,1170,,55,,,,,other,CAST,6.8,,
M,AC,,,386,C,25,1200,,55,,,,,other,CAST,6.7,,
S,AC,,,130.1,T,25,225,732,61,,,,,FCC,CAST,7.8,195,195
S,HR,,,318.2,T,25,705,1070,10,,,,,FCC,WROUGHT,7.8,195,195
S,HR + A,,,153.8,T,25,320,920,60,,,,,FCC,WROUGHT,7.8,195,195
S,AC,,,,C,25,422,,1,,,88.7,3.08,FCC,CAST,3.2,73,73
S,AC,,,,C,25,534,,1,,,107.8,3.15,FCC,CAST,3.2,72,72
S,AC,,,,C,25,490,,6,,,78.4,3.06,FCC,CAST,3.1,75,75
S,AC,,,,C,25,622,,2,,,114.1,2.98,FCC,CAST,3.2,73,73
M,AC,,,,C,25,565,,4,,,105.1,3.06,other,CAST,3.2,,
S,AC,,,,T,25,400,780,53,,,,,FCC,CAST,8.3,232,232
S,A,,,,T,25,,838,43,,,,,FCC,ANNEAL,8.3,232,232
S,A,,,,T,25,,899,31,,,,,FCC,ANNEAL,8.3,232,232
S,A,,,,T,25,,902,29,,,,,FCC,ANNEAL,8.3,232,232
S,A,,,,T,25,,811,52,,,,,FCC,ANNEAL,8.3,232,232
S,A,,,,T,25,,790,49,,,,,FCC,ANNEAL,8.3,232,232
S,A,,,,T,25,,799,47,,,,,FCC,ANNEAL,8.3,232,232
S,A,,,,T,25,,802,37,,,,,FCC,ANNEAL,8.3,232,232
S,A,,,,T,25,,823,36,,,,,FCC,ANNEAL,8.3,232,232
S,A,,,,T,25,,849,34,,,,,FCC,ANNEAL,8.3,232,232
S,A,,,,T,25,,895,32,,,,,FCC,ANNEAL,8.3,232,232
M,AC,,,,C,25,556,,3,,,,1.7,other,CAST,1.6,,
M,AC,,,,C,25,418,,13,,,,1.57,other,CAST,1.4,,
M,AC,,,,C,25,360,,9,,,,1.52,other,CAST,1.4,,
M,AC,,,,C,25,342,,44,,,,1.5,other,CAST,1.4,,
M,AC,,,,C,25,300,,63,,,,1.46,other,CAST,1.4,,
S,AC,,,295,,,,,,,,,,FCC,CAST,9.2,201,201
M,AC,,,470,C,25,650,,50,,,,,other,CAST,9.1,,
M,AC,,,380,C,25,650,,46,,,,,other,CAST,9.1,,
M,AC,,,180,C,25,650,,42,,,,,other,CAST,9,,
M,AC,,,160,C,25,650,,35,,,,,other,CAST,8.9,,
,SPS,,,,,,,,,,,,,other,POWDER,7.6,,
M,AC,,,362.2,C,25,2297.94,,5.8,,,,,other,CAST,7.6,,
M,AC,,,510.3,C,25,2364.63,,,,,,,other,CAST,7.5,,
S,AC,,,600.3,C,25,2475.41,,6.5,,,,,BCC,CAST,7.4,212,212
S,AC,,,709.6,C,25,2380.79,,,,,,,BCC,CAST,7.3,208,208
S,AC,,,718.2,C,25,1923.15,,,,,,,BCC,CAST,7.2,204,204
M,SPS,,,633,C,25,1010,,,,,,,other,POWDER,6.5,,
M,SPS,,,680,C,25,1120,,,,,,,other,POWDER,6.7,,
M,SPS,,,705,C,25,1250,,,,,,,other,POWDER,6.8,,
M,SPS,,,780,C,25,1510,,,,,,,other,POWDER,7.9,,
M,HR,,,,,,,,,,,,,other,WROUGHT,8.6,,
M,HR,,,,C,25,1498,,37.6,,,,,other,WROUGHT,8.6,,
M,HR,,,,C,25,1635,,31.7,,,,,other,WROUGHT,8.6,,
M,HR,,,,C,25,1703,,18.3,,,,,other,WROUGHT,8.6,,
M,HR,,,,C,25,1415,,12.6,,,,,other,WROUGHT,8.6,,
M,AC,,,296,,,,,,,,,,other,CAST,7.8,,
M,AC,,,282,,,,,,,,,,other,CAST,7.8,,
M,AC,,,306,,,,,,,,,,other,CAST,7.8,,
M,AC,,,452,,,,,,,,,,other,CAST,7.7,,
,AC,,,,T,25,159,535,,40.8,,,,other,CAST,7.3,,
M,A,,,,T,25,409,584,,10.5,,,,other,ANNEAL,7.3,,
,AC,,,,T,25,355,1174,,49.5,,,,other,CAST,7.3,,
M,A,,,,T,25,954,978,,2,,,,other,ANNEAL,7.3,,
M,AC,,,211,C,25,773,,17,,,,,other,CAST,8.3,,
M,AC,,,233,C,25,1001,,21.9,,,,,other,CAST,6.8,,
M,AC,,,241,C,25,554,,17.7,,,,,other,CAST,7,,
M,AC,,,256,C,25,793,,15.7,,,,,other,CAST,6.2,,
M,AC,,,,,,,,,,,,,other,CAST,7.5,,
M,AC,,,305.4,C,25,1129.4,,16.7,,,,,other,CAST,7.1,,
M,AC,,,357.3,C,25,1159.7,,18.2,,,,,other,CAST,7.1,,
M,AC,,,362.6,C,25,1250.8,,14.7,,,,,other,CAST,7.1,,
M,AC,,,359.7,C,25,1198.3,,14.5,,,,,other,CAST,7.2,,
M,SPS,,,210,,,,,,,,,,other,POWDER,8.3,,
S,AC,,,,C,25,300,,50.2,,,,,FCC,CAST,8.3,206,206
M,AC,,,,C,25,303,,50.2,,,,,other,CAST,8.3,,
M,AC,,,,C,25,307,,50.2,,,,,other,CAST,8.3,,
M,AC,,,,C,25,330,,50.2,,,,,other,CAST,8.3,,
M,AC,,,,C,25,616,,28,,,,,other,CAST,8.2,,
M,SPS,500,,,C,25,,,,,,,5.26,other,POWDER,8.1,,
M,SPS,500,,,C,25,,,,,,,6.26,other,POWDER,8.1,,
M,SPS,500,,,C,25,,,,,,,7.84,other,POWDER,8.1,,
M,SPS,500,,615,C,25,2121,,,,,,7.89,other,POWDER,8.1,,
S,AC,500,,359,T,25,1155,1212,12.3,,,59,,BCC,CAST,9.9,107,107
S,AC,500,,358,T,25,1144,1205,6.4,,,98,,BCC,CAST,8.9,115,115
S,AC,500,,246,T,25,620,683,18.5,,,143,,BCC,CAST,10,136,136
M,AC,500,,485,T,25,,284,0,,,157,,other,CAST,9,,157
S,AC,500,,295,T,25,956,991,14.2,,,88,,BCC,CAST,6.5,94,94
M,AC,500,,294,T,25,822,852,0.33,,,127,,other,CAST,9.2,,127
M,AC,500,,489,T,25,,843,0,,,93,,other,CAST,8.6,,93
M,A,,,,,,,,,,,,4.75,other,ANNEAL,6.7,,
M,A,,,,,,,,,,,,5.78,other,ANNEAL,6.7,,
M,A,,,,,,,,,,,,5.79,other,ANNEAL,6.7,,
M,A,,,,,,,,,,,,5.51,other,ANNEAL,6.7,,
M,A,,,,,,,,,,,,,other,ANNEAL,6.7,,
,AC,,,310,,,,,,,,,,other,CAST,6.3,,
,AC,,,330,,,,,,,,,,other,CAST,6.3,,
,AC,,,500,,,,,,,,,,other,CAST,6.2,,
,A,,,340,,,,,,,,,,other,ANNEAL,6.3,,
,A,,,410,,,,,,,,,,other,ANNEAL,6.3,,
,A,,,495,,,,,,,,,,other,ANNEAL,6.2,,
,A,,,330,,,,,,,,,,other,ANNEAL,6.3,,
,A,,,330,,,,,,,,,,other,ANNEAL,6.3,,
,A,,,490,,,,,,,,,,other,ANNEAL,6.2,,
M,SPS,,,,,,,,,,,,,other,POWDER,6.2,,
M,AC,,,,,,,,,,,,,other,CAST,7.2,,
M,HF + A,,,,,,,,,,,,,other,WROUGHT,7.2,,
M,HF + A,,,,,,,,,,,,,other,WROUGHT,7.2,,
M,HF + A,,,,,,,,,,,,,other,WROUGHT,7.2,,
S,SPS,0.03,,435,C,25,1100,,47,,,,7.753,other,POWDER,8,,
S,AC,,,226,,,,,,,,,,FCC,CAST,7.4,185,185
S,CR + A,,,287,,,,,,,,,,FCC,WROUGHT,7.4,185,185
S,AC,,,,C,25,1512,,12,,,,,BCC,CAST,9.9,137,137
S,AC,,,,C,25,1600,,4,,,,,BCC,CAST,10.2,143,143
S,AC,,,,C,25,1351,,20,,,,,BCC,CAST,8.7,128,128
S,AC,,,,C,25,1524,,16,,,,,BCC,CAST,10.9,141,141
S,AC,,,,C,25,1369,,27,,,,,BCC,CAST,10.8,155,155
S,AC,,,,C,800,1007,,,,,,,BCC,CAST,9.9,137,137
S,AC,,,,C,800,1045,,,,,,,BCC,CAST,10.2,143,143
S,AC,,,,C,800,829,,,,,,,BCC,CAST,8.7,128,128
S,AC,,,,C,800,1005,,,,,,,BCC,CAST,10.9,141,141
S,AC,,,,C,800,822,,,,,,,BCC,CAST,10.8,155,155
S,AC,,,,C,1000,814,,,,,,,BCC,CAST,9.9,137,137
S,AC,,,,C,1000,855,,,,,,,BCC,CAST,10.2,143,143
S,AC,,,,C,1000,721,,,,,,,BCC,CAST,8.7,128,128
S,AC,,,,C,1000,927,,,,,,,BCC,CAST,10.9,141,141
S,AC,,,,C,1000,778,,,,,,,BCC,CAST,10.8,155,155
S,AC,,,,C,1200,556,,,,,,,BCC,CAST,9.9,137,137
S,AC,,,,C,1200,404,,,,,,,BCC,CAST,10.2,143,143
S,AC,,,,C,1200,301,,,,,,,BCC,CAST,8.7,128,128
S,AC,,,,C,1200,694,,,,,,,BCC,CAST,10.9,141,141
S,AC,,,,C,1200,699,,,,,,,BCC,CAST,10.8,155,155
S,AC,,,,C,1400,278,,,,,,,BCC,CAST,10.9,141,141
S,AC,,,,C,1400,367,,,,,,,BCC,CAST,10.8,155,155
S,VHP,0.0276,,,,,,,,,,,,FCC,POWDER,8.2,226,226
S,VHP,0.0189,,475,,,,,,,,,7.24,FCC,POWDER,8.5,,
S,VHP,0.0182,,531,,,,,,,,,8.39,FCC,POWDER,9.1,,
M,SPS,,,515,C,25,2012,,,17.52,,,,other,POWDER,7.3,,
S,HIP + CR,,,,T,25,1438,,,,,91.5,,BCC,OTHER,9.9,107,107
S,HIP + CR + A,,,,T,25,1159,,,,,99.2,,BCC,OTHER,9.9,107,107
S,HIP + CR + A,,,,T,25,1134,,,,,109.1,,BCC,OTHER,9.9,107,107
S,HIP + CR + A,,,,T,25,1094,,,,,105.3,,BCC,OTHER,9.9,107,107
S,HIP + CR + A,,,,T,25,1071,,,,,91.6,,BCC,OTHER,9.9,107,107
S,HIP + CR + A,24.4,,,T,25,1107,,,,,92.6,,BCC,OTHER,9.9,107,107
S,HIP + CR + A,31.3,,,T,25,1115,,,,,92.6,,BCC,OTHER,9.9,107,107
S,HIP + CR + A,38.4,,,T,25,1114,,,,,101.3,,BCC,OTHER,9.9,107,107
S,HIP + CR + A,50.1,,,,,,,,,,,,BCC,OTHER,9.9,107,107
S,HIP + CR + A,21.9,,,,,,,,,,,,BCC,OTHER,9.9,107,107
S,HIP + CR + A,75.5,,,,,,,,,,,,BCC,OTHER,9.9,107,107
S,AC,250,,422,C,25,1509,,8.6,,,,5.85,other,CAST,5.7,,
M,A,,,418,C,25,1579,,17.8,,,,,other,ANNEAL,5.7,,
,,,,,C,25,1480,,50,,,,5.64,other,,5.6,,
,,,,539.6,C,25,1080,,5.9,,,,5.79,other,,5.7,,
,,,,335,C,25,1105,,50,,,,6.52,other,,6.5,,
,,,,418,C,25,1260,,6,,,,6.67,other,,6.6,,
M,AC,,,623.7,C,25,1914.1,4023.6,,27.9,,,,other,CAST,6.8,,
M,AC,,,712,C,25,2161.7,3641.5,,14.3,,,,other,CAST,6.6,,
M,AC,,,731.9,C,25,2185.1,3673.4,,14.8,,,,other,CAST,6.5,,
M,AC,,,751.7,C,25,2228.7,3166.2,,10.4,,,,other,CAST,6.5,,
M,AC,,,756.1,C,25,1314.5,1314.5,,,,,,other,CAST,6.4,,
M,AC,,,766.2,C,25,618.8,618.8,,,,,,other,CAST,6.4,,
M,A,,,,,,,,,,,,,other,ANNEAL,7.2,,
M,AC,,,,,,,,,,,,,other,CAST,7.2,,
S,A,,,,,,,,,,,,,other,ANNEAL,7.7,,
S,AC,,,,,,,,,,,,,other,CAST,7.7,,
S,A,,,,,,,,,,,,,other,ANNEAL,9.7,,
S,AC,,,,,,,,,,,,,other,CAST,9.7,,
M,A,,,,,,,,,,,,,other,ANNEAL,6.5,,
S,AC,,,509,,,,,,,,,,BCC,CAST,6.5,151,151
M,A,,,,,,,,,,,,,other,ANNEAL,8.2,,
S,AC,,,458,,,,,,,,,,BCC,CAST,8.2,120,120
S,A,,,555,,,,,,,,,,BCC,ANNEAL,9.9,219,219
S,AC,,,539,,,,,,,,,,BCC,CAST,9.9,219,219
M,A,,,,,,,,,,,,,other,ANNEAL,9.4,,
S,AC,,,495,,,,,,,,,,BCC,CAST,9.4,162,162
M,A,,,630,,,,,,,,,,other,ANNEAL,9.9,,
S,AC,,,630,,,,,,,,,,BCC,CAST,9.9,217,217
S,A,,,280,,,,,,,,,,BCC,ANNEAL,10.9,119,119
S,AC,,,270,,,,,,,,,,BCC,CAST,10.9,119,119
S,A,,,482,,,,,,,,,,BCC,ANNEAL,11.8,222,222
S,AC,,,446,,,,,,,,,,BCC,CAST,11.8,222,222
S,A,,,407,,,,,,,,,,BCC,ANNEAL,10,179,179
S,AC,,,431,,,,,,,,,,BCC,CAST,10,179,179
